symbol,direction,risk_level,entry_price,stop_loss,take_profit,issued_at_tehran,status,hit_time_tehran,hit_price,broker_fee,final_pnl_usd,position_size_usd,return_pct,signal_source
FIL-USDT,LONG,ریسک میانی,1.32480000,1.30822920,1.35794160,2025-12-20 00:11:38,OPEN,,,,,10.00,,"Dir=LONG | TF_EMA=30m:EMA21=1.279983,30m:EMA55=1.254812,1h:EMA21=1.26202,1h:EMA55=1.249476,4h:EMA21=1.264741,4h:EMA55=1.314585 | TF_RSI=5m:RSI=58.41,15m:RSI=66.55,30m:RSI=76.01,1h:RSI=73.89,4h:RSI=59.31 | TF_MACD=5m:MACD=0.012346,5m:HIST=-0.00133,15m:MACD=0.016991,15m:HIST=0.004888,30m:MACD=0.020102,30m:HIST=0.00512,1h:MACD=0.021171,1h:HIST=0.007911,4h:MACD=-0.005192,4h:HIST=0.0149 | BS15=0.511 | RulesPassed=روند 4h;روند 1h;EMA21 30m;کندل قوی 15m;RSI;MACD;عدم واگرایی | Reasons=روند 4h: بالای/زیر EMA21، EMA55 + ساختار HH/HL در 3 کندل|روند 1h: EMA همسو + ساختار HH/HL در 3 کندل|قیمت همسو با EMA21 در 30m|قدرت کندل 15m = 0.51 (حد > 0.45)|RSI: 5/5 همسو + 2 خیلی قوی|MACD: 3/5 همسو + 2 شدت قوی|بدون واگرایی در 1h و 4h"
BNB-USDT,LONG,ریسک بالا,860.03400000,856.25653920,867.58892160,2025-12-20 00:11:38,OPEN,,,,,10.00,,"Dir=LONG | TF_EMA=30m:EMA21=849.496577,30m:EMA55=844.630777,1h:EMA21=845.951624,1h:EMA55=845.745142,4h:EMA21=850.998041,4h:EMA55=864.116189 | TF_RSI=5m:RSI=70.44,15m:RSI=72.05,30m:RSI=71.83,1h:RSI=67.58,4h:RSI=53.2 | TF_MACD=5m:MACD=2.540871,5m:HIST=0.264467,15m:MACD=2.80618,15m:HIST=1.093229,30m:MACD=3.819598,30m:HIST=0.88383,1h:MACD=4.097723,1h:HIST=1.554037,4h:MACD=-5.390923,4h:HIST=3.252769 | BS15=0.525 | RulesPassed=روند 1h;EMA21 30m;کندل قوی 15m;RSI;MACD | Reasons=روند 1h: EMA همسو + ساختار HH/HL در 3 کندل|قیمت همسو با EMA21 در 30m + ساختار|قدرت کندل 15m = 0.52 (حد > 0.45)|RSI: 5/5 همسو + 3 خیلی قوی|MACD: 4/5 همسو + 1 شدت قوی"
APT-USDT,LONG,ریسک بالا,1.66110000,1.64229240,1.69871520,2025-12-20 00:11:38,OPEN,,,,,10.00,,"Dir=LONG | TF_EMA=30m:EMA21=1.588868,30m:EMA55=1.542959,1h:EMA21=1.554544,1h:EMA55=1.533013,4h:EMA21=1.554911,4h:EMA55=1.61925 | TF_RSI=5m:RSI=76.2,15m:RSI=75.79,30m:RSI=76.87,1h:RSI=73.26,4h:RSI=62.67 | TF_MACD=5m:MACD=0.012431,5m:HIST=0.002169,15m:MACD=0.024433,15m:HIST=0.001933,30m:MACD=0.037419,30m:HIST=0.006007,1h:MACD=0.037441,1h:HIST=0.015179,4h:MACD=-0.00648,4h:HIST=0.02221 | BS15=0.346 | RulesPassed=روند 4h;روند 1h;EMA21 30m;RSI;MACD;عدم واگرایی | Reasons=روند 4h: بالای/زیر EMA21، EMA55 + ساختار HH/HL در 3 کندل|روند 1h: EMA همسو + ساختار HH/HL در 3 کندل|قیمت همسو با EMA21 در 30m + ساختار|RSI: 5/5 همسو + 4 خیلی قوی|MACD: 4/5 همسو + 2 شدت قوی|بدون واگرایی در 1h و 4h"
BNB-USDT,LONG,ریسک بالا,857.07300000,855.00807600,861.20284800,2025-12-20 06:39:38,OPEN,,,,,10.00,,"Dir=LONG | TF_EMA=30m:EMA21=853.706898,30m:EMA55=848.723837,1h:EMA21=850.567083,1h:EMA55=847.918131,4h:EMA21=851.220972,4h:EMA55=863.727415 | TF_RSI=5m:RSI=66.26,15m:RSI=58.8,30m:RSI=60.79,1h:RSI=60.83,4h:RSI=51.87 | TF_MACD=5m:MACD=0.598784,5m:HIST=0.37571,15m:MACD=0.47151,15m:HIST=0.017757,30m:MACD=2.192886,30m:HIST=-0.444579,1h:MACD=4.137717,1h:HIST=0.252281,4h:MACD=-4.510505,4h:HIST=3.357412 | BS15=0.825 | RulesPassed=روند 1h;EMA21 30m;کندل قوی 15m;RSI;MACD | Reasons=روند 1h: EMA همسو + ساختار HH/HL در 3 کندل|قیمت همسو با EMA21 در 30m + ساختار|قدرت کندل 15m = 0.83 (حد > 0.45)|RSI: 5/5 همسو + 0 خیلی قوی|MACD: 3/5 همسو + 1 شدت قوی"
ETH-USDT,LONG,ریسک بالا,2988.89000000,2979.83345360,3007.00309280,2025-12-20 07:28:25,OPEN,,,,,10.00,,"Dir=LONG | TF_EMA=30m:EMA21=2978.259198,30m:EMA55=2952.416207,1h:EMA21=2961.357352,1h:EMA55=2932.788558,4h:EMA21=2941.261728,4h:EMA55=2997.786447 | TF_RSI=5m:RSI=58.21,15m:RSI=56.48,30m:RSI=58.63,1h:RSI=61.55,4h:RSI=54.35 | TF_MACD=5m:MACD=2.861505,5m:HIST=0.239978,15m:MACD=2.349555,15m:HIST=0.989681,30m:MACD=7.583854,30m:HIST=-1.487764,1h:MACD=21.48995,1h:HIST=-1.992087,4h:MACD=-8.094441,4h:HIST=22.100606 | BS15=0.869 | RulesPassed=روند 1h;EMA21 30m;کندل قوی 15m;RSI;MACD | Reasons=روند 1h: EMA همسو + ساختار HH/HL در 3 کندل|قیمت همسو با EMA21 در 30m + ساختار|قدرت کندل 15m = 0.87 (حد > 0.45)|RSI: 5/5 همسو + 0 خیلی قوی|MACD: 2/5 همسو + 1 شدت قوی"
XAUT-USDT,LONG,ریسک میانی,4345.98000000,4344.80631600,4348.32736800,2025-12-20 07:56:31,OPEN,,,,,10.00,,"Dir=LONG | TF_EMA=30m:EMA21=4344.238493,30m:EMA55=4340.116995,1h:EMA21=4341.48898,1h:EMA55=4335.678627,4h:EMA21=4332.270621,4h:EMA55=4305.879551 | TF_RSI=5m:RSI=55.02,15m:RSI=55.02,30m:RSI=56.92,1h:RSI=56.78,4h:RSI=60.19 | TF_MACD=5m:MACD=0.121117,5m:HIST=0.000294,15m:MACD=0.412411,15m:HIST=0.025717,30m:MACD=1.661138,30m:HIST=-0.331872,1h:MACD=3.41058,1h:HIST=0.14468,4h:MACD=9.294094,4h:HIST=0.107971 | BS15=1.0 | RulesPassed=EMA21 30m;کندل قوی 15m;ورود + حجم;RSI;MACD;عدم واگرایی | Reasons=قیمت همسو با EMA21 در 30m|قدرت کندل 15m = 1.00 (حد > 0.45)|نزدیکی سطح + حجم ≥1.15x|RSI: 5/5 همسو + 0 خیلی قوی|MACD: 4/5 همسو + 1 شدت قوی|بدون واگرایی در 1h و 4h"
LTC-USDT,SHORT,ریسک میانی,76.61000000,76.83877040,76.15245920,2025-12-20 08:15:46,OPEN,,,,,10.00,,"Dir=SHORT | TF_EMA=30m:EMA21=77.082505,30m:EMA55=76.664864,1h:EMA21=76.767278,1h:EMA55=76.596679,4h:EMA21=76.927578,4h:EMA55=78.680364 | TF_RSI=5m:RSI=21.31,15m:RSI=32.65,30m:RSI=41.39,1h:RSI=49.56,4h:RSI=46.92 | TF_MACD=5m:MACD=-0.168887,5m:HIST=-0.019952,15m:MACD=-0.166318,15m:HIST=-0.09214,30m:MACD=0.071112,30m:HIST=-0.155064,1h:MACD=0.342398,1h:HIST=-0.046288,4h:MACD=-0.591302,4h:HIST=0.296715 | BS15=1.0 | RulesPassed=روند 4h;روند 1h;EMA21 30m;کندل قوی 15m;RSI;MACD | Reasons=روند 4h: بالای/زیر EMA21، EMA55، EMA200 + ساختار LH/LL در 3 کندل|روند 1h: EMA همسو + ساختار LH/LL در 3 کندل|قیمت همسو با EMA21 در 30m|قدرت کندل 15m = 1.00 (حد > 0.45)|RSI: 5/5 همسو + 1 خیلی قوی|MACD: 2/5 همسو + 1 شدت قوی"
OP-USDT,SHORT,ریسک بالا,0.27660000,0.27764400,0.27451200,2025-12-20 08:15:46,OPEN,,,,,10.00,,"Dir=SHORT | TF_EMA=30m:EMA21=0.277841,30m:EMA55=0.274938,1h:EMA21=0.275699,1h:EMA55=0.27518,4h:EMA21=0.278152,4h:EMA55=0.290602 | TF_RSI=5m:RSI=33.76,15m:RSI=39.14,30m:RSI=47.38,1h:RSI=53.18,4h:RSI=46.59 | TF_MACD=5m:MACD=-0.000491,5m:HIST=-0.000116,15m:MACD=-0.000535,15m:HIST=-0.000281,30m:MACD=0.00083,30m:HIST=-0.000789,1h:MACD=0.002484,1h:HIST=-6.2e-05,4h:MACD=-0.004897,4h:HIST=0.002124 | BS15=1.0 | RulesPassed=روند 4h;EMA21 30m;کندل قوی 15m;RSI;MACD | Reasons=روند 4h: بالای/زیر EMA21، EMA55، EMA200 + ساختار LH/LL در 3 کندل|قیمت همسو با EMA21 در 30m + ساختار|قدرت کندل 15m = 1.00 (حد > 0.45)|RSI: 4/5 همسو + 0 خیلی قوی|MACD: 2/5 همسو + 1 شدت قوی"
LTC-USDT,SHORT,ریسک بالا,76.48000000,76.71453160,76.01093680,2025-12-20 08:43:06,OPEN,,,,,10.00,,"Dir=SHORT | TF_EMA=30m:EMA21=77.02112,30m:EMA55=76.655507,1h:EMA21=76.73455,1h:EMA55=76.589756,4h:EMA21=76.91576,4h:EMA55=78.675721 | TF_RSI=5m:RSI=19.83,15m:RSI=30.12,30m:RSI=39.28,1h:RSI=48.16,4h:RSI=46.38 | TF_MACD=5m:MACD=-0.174339,5m:HIST=-0.007669,15m:MACD=-0.19687,15m:HIST=-0.097132,30m:MACD=0.011959,30m:HIST=-0.170353,1h:MACD=0.270131,1h:HIST=-0.093823,4h:MACD=-0.601672,4h:HIST=0.288419 | BS15=0.6 | RulesPassed=روند 4h;روند 1h;EMA21 30m;کندل قوی 15m;RSI;MACD | Reasons=روند 4h: بالای/زیر EMA21، EMA55، EMA200 + ساختار LH/LL در 3 کندل|روند 1h: EMA همسو + ساختار LH/LL در 3 کندل|قیمت همسو با EMA21 در 30m + ساختار|قدرت کندل 15m = 0.60 (حد > 0.45)|RSI: 5/5 همسو + 1 خیلی قوی|MACD: 2/5 همسو + 1 شدت قوی"
BNB-USDT,SHORT,ریسک بالا,853.34000000,855.42762800,849.16474400,2025-12-20 08:43:06,OPEN,,,,,10.00,,"Dir=SHORT | TF_EMA=30m:EMA21=854.315951,30m:EMA55=849.678892,1h:EMA21=851.226109,1h:EMA55=848.375206,4h:EMA21=851.528073,4h:EMA55=863.404146 | TF_RSI=5m:RSI=32.12,15m:RSI=42.44,30m:RSI=49.8,1h:RSI=54.66,4h:RSI=49.71 | TF_MACD=5m:MACD=-0.708567,5m:HIST=-0.576565,15m:MACD=0.295939,15m:HIST=-0.311678,30m:MACD=1.649249,30m:HIST=-0.610334,1h:MACD=3.644181,1h:HIST=-0.221447,4h:MACD=-3.732743,4h:HIST=3.290461 | BS15=0.512 | RulesPassed=روند 4h;EMA21 30m;کندل قوی 15m;RSI;حجم + کندل 15m | Reasons=روند 4h: بالای/زیر EMA55، EMA200 + ساختار LH/LL در 3 کندل|قیمت همسو با EMA21 در 30m + ساختار|قدرت کندل 15m = 0.51 (حد > 0.45)|RSI: 4/5 همسو + 0 خیلی قوی|حجم اسپایک (≥1.15x) + قدرت کندل 15m = 0.51"
TRX-USDT,SHORT,ریسک میانی,0.27940000,0.27979240,0.27861520,2025-12-20 08:43:06,OPEN,,,,,10.00,,"Dir=SHORT | TF_EMA=30m:EMA21=0.279702,30m:EMA55=0.279469,1h:EMA21=0.27951,1h:EMA55=0.279306,4h:EMA21=0.279212,4h:EMA55=0.279185 | TF_RSI=5m:RSI=40.49,15m:RSI=39.17,30m:RSI=44.4,1h:RSI=49.37,4h:RSI=51.26 | TF_MACD=5m:MACD=-0.000129,5m:HIST=-1e-05,15m:MACD=-0.000112,15m:HIST=-7.7e-05,30m:MACD=6.4e-05,30m:HIST=-0.000113,1h:MACD=0.000177,1h:HIST=-1.5e-05,4h:MACD=0.000201,4h:HIST=0.0 | BS15=0.333 | RulesPassed=روند 1h;EMA21 30m;ورود + حجم;RSI;MACD;عدم واگرایی | Reasons=روند 1h: EMA همسو + ساختار LH/LL در 3 کندل|قیمت همسو با EMA21 در 30m|نزدیکی سطح + حجم ≥1.15x|RSI: 4/5 همسو + 0 خیلی قوی|MACD: 2/5 همسو + 1 شدت قوی|بدون واگرایی در 1h و 4h"
AVAX-USDT,LONG,ریسک میانی,12.24000000,12.19721520,12.32556960,2025-12-20 08:43:06,OPEN,,,,,10.00,,"Dir=LONG | TF_EMA=30m:EMA21=12.223105,30m:EMA55=12.100242,1h:EMA21=12.145905,1h:EMA55=12.043359,4h:EMA21=12.128796,4h:EMA55=12.563675 | TF_RSI=5m:RSI=54.91,15m:RSI=50.69,30m:RSI=54.78,1h:RSI=58.32,4h:RSI=51.09 | TF_MACD=5m:MACD=-0.000845,5m:HIST=0.001383,15m:MACD=-0.005212,15m:HIST=0.000268,30m:MACD=0.028035,30m:HIST=-0.016848,1h:MACD=0.101451,1h:HIST=-0.013566,4h:MACD=-0.095912,4h:HIST=0.103021 | BS15=0.72 | RulesPassed=EMA21 30m;کندل قوی 15m;ورود + حجم;RSI;MACD;حجم + کندل 15m | Reasons=قیمت همسو با EMA21 در 30m|قدرت کندل 15m = 0.72 (حد > 0.45)|نزدیکی سطح + حجم ≥1.15x|RSI: 5/5 همسو + 0 خیلی قوی|MACD: 0/5 همسو + 1 شدت قوی|حجم اسپایک (≥1.15x) + قدرت کندل 15m = 0.72"
BTC-USDT,LONG,ریسک میانی,88253.30000000,88102.20459680,88555.49080640,2025-12-20 10:42:00,OPEN,,,,,10.00,,"Dir=LONG | TF_EMA=30m:EMA21=88179.04856,30m:EMA55=87834.598554,1h:EMA21=87955.617745,1h:EMA55=87533.016103,4h:EMA21=87574.208825,4h:EMA55=88332.989407 | TF_RSI=5m:RSI=40.89,15m:RSI=50.5,30m:RSI=54.48,1h:RSI=57.5,4h:RSI=53.75 | TF_MACD=5m:MACD=-13.214909,5m:HIST=-18.040027,15m:MACD=59.541147,15m:HIST=-12.726712,30m:MACD=126.873068,30m:HIST=-10.560807,1h:MACD=279.421235,1h:HIST=-9.327538,4h:MACD=15.437496,4h:HIST=277.576733 | BS15=0.522 | RulesPassed=EMA21 30m;کندل قوی 15m;ورود + حجم;RSI;MACD;حجم + کندل 15m | Reasons=قیمت همسو با EMA21 در 30m|قدرت کندل 15m = 0.52 (حد > 0.45)|نزدیکی سطح + حجم ≥1.15x|RSI: 4/5 همسو + 0 خیلی قوی|MACD: 1/5 همسو + 1 شدت قوی|حجم اسپایک (≥1.15x) + قدرت کندل 15m = 0.52"
OP-USDT,LONG,ریسک میانی,0.27770000,0.27681800,0.27946400,2025-12-20 10:42:00,OPEN,,,,,10.00,,"Dir=LONG | TF_EMA=30m:EMA21=0.277493,30m:EMA55=0.275261,1h:EMA21=0.275989,1h:EMA55=0.27535,4h:EMA21=0.278252,4h:EMA55=0.290642 | TF_RSI=5m:RSI=59.01,15m:RSI=50.75,30m:RSI=52.44,1h:RSI=55.25,4h:RSI=47.4 | TF_MACD=5m:MACD=0.000158,5m:HIST=0.000163,15m:MACD=-0.000481,15m:HIST=7.5e-05,30m:MACD=0.000283,30m:HIST=-0.000495,1h:MACD=0.001874,1h:HIST=-0.000397,4h:MACD=-0.004809,4h:HIST=0.002194 | BS15=0.6 | RulesPassed=EMA21 30m;کندل قوی 15m;ورود + حجم;RSI;MACD;حجم + کندل 15m | Reasons=قیمت همسو با EMA21 در 30m|قدرت کندل 15m = 0.60 (حد > 0.45)|نزدیکی سطح + حجم ≥1.15x|RSI: 4/5 همسو + 0 خیلی قوی|MACD: 1/5 همسو + 1 شدت قوی|حجم اسپایک (≥1.15x) + قدرت کندل 15m = 0.60"
NEAR-USDT,LONG,ریسک میانی,1.53510000,1.52766120,1.54997760,2025-12-20 11:05:44,OPEN,,,,,10.00,,"Dir=LONG | TF_EMA=30m:EMA21=1.521456,30m:EMA55=1.513186,1h:EMA21=1.516791,1h:EMA55=1.50939,4h:EMA21=1.520562,4h:EMA55=1.576618 | TF_RSI=5m:RSI=74.53,15m:RSI=64.66,30m:RSI=61.1,1h:RSI=57.78,4h:RSI=50.92 | TF_MACD=5m:MACD=0.003534,5m:HIST=0.001815,15m:MACD=-8.8e-05,15m:HIST=0.002551,30m:MACD=0.000304,30m:HIST=-7e-06,1h:MACD=0.007528,1h:HIST=-0.002168,4h:MACD=-0.012609,4h:HIST=0.010912 | BS15=0.773 | RulesPassed=روند 1h;EMA21 30m;کندل قوی 15m;RSI;MACD;حجم + کندل 15m | Reasons=روند 1h: EMA همسو + ساختار HH/HL در 3 کندل|قیمت همسو با EMA21 در 30m|قدرت کندل 15m = 0.77 (حد > 0.45)|RSI: 5/5 همسو + 1 خیلی قوی|MACD: 1/5 همسو + 1 شدت قوی|حجم اسپایک (≥1.15x) + قدرت کندل 15m = 0.77"
APT-USDT,LONG,ریسک بالا,1.65580000,1.64563480,1.67613040,2025-12-20 11:46:48,OPEN,,,,,10.00,,"Dir=LONG | TF_EMA=30m:EMA21=1.635078,30m:EMA55=1.597571,1h:EMA21=1.613842,1h:EMA55=1.57092,4h:EMA21=1.57733,4h:EMA55=1.621802 | TF_RSI=5m:RSI=62.43,15m:RSI=63.06,30m:RSI=62.9,1h:RSI=64.87,4h:RSI=62.18 | TF_MACD=5m:MACD=0.005111,5m:HIST=-5.1e-05,15m:MACD=0.006153,15m:HIST=0.002286,30m:MACD=0.013003,30m:HIST=-0.000893,1h:MACD=0.032022,1h:HIST=-0.001208,4h:MACD=0.012357,4h:HIST=0.023774 | BS15=0.462 | RulesPassed=روند 1h;EMA21 30m;کندل قوی 15m;RSI;MACD | Reasons=روند 1h: EMA همسو + ساختار HH/HL در 3 کندل|قیمت همسو با EMA21 در 30m + ساختار|قدرت کندل 15m = 0.46 (حد > 0.45)|RSI: 5/5 همسو + 0 خیلی قوی|MACD: 2/5 همسو + 1 شدت قوی"
ATOM-USDT,LONG,ریسک میانی,1.99900000,1.99172200,2.01355600,2025-12-20 11:46:48,OPEN,,,,,10.00,,"Dir=LONG | TF_EMA=30m:EMA21=1.973084,30m:EMA55=1.9486,1h:EMA21=1.959025,1h:EMA55=1.9445,4h:EMA21=1.964009,4h:EMA55=2.044118 | TF_RSI=5m:RSI=74.8,15m:RSI=71.73,30m:RSI=71.46,1h:RSI=66.65,4h:RSI=53.41 | TF_MACD=5m:MACD=0.006486,5m:HIST=0.001788,15m:MACD=0.006629,15m:HIST=0.002444,30m:MACD=0.011466,30m:HIST=0.0002,1h:MACD=0.021092,1h:HIST=0.001735,4h:MACD=-0.01941,4h:HIST=0.01918 | BS15=0.549 | RulesPassed=روند 4h;EMA21 30m;کندل قوی 15m;ورود + حجم;RSI;MACD | Reasons=روند 4h: بالای/زیر EMA21 + ساختار HH/HL در 3 کندل|قیمت همسو با EMA21 در 30m|قدرت کندل 15m = 0.55 (حد > 0.45)|نزدیکی سطح + حجم ≥1.15x|RSI: 5/5 همسو + 3 خیلی قوی|MACD: 4/5 همسو + 1 شدت قوی"
DOT-USDT,LONG,ریسک بالا,1.85870000,1.85099000,1.87412000,2025-12-20 11:46:48,OPEN,,,,,10.00,,"Dir=LONG | TF_EMA=30m:EMA21=1.842202,30m:EMA55=1.831494,1h:EMA21=1.836826,1h:EMA55=1.830062,4h:EMA21=1.845533,4h:EMA55=1.922971 | TF_RSI=5m:RSI=76.32,15m:RSI=67.4,30m:RSI=63.72,1h:RSI=59.35,4h:RSI=50.2 | TF_MACD=5m:MACD=0.005478,5m:HIST=0.00124,15m:MACD=0.00341,15m:HIST=0.002994,30m:MACD=0.003143,30m:HIST=0.001046,1h:MACD=0.009926,1h:HIST=-0.000498,4h:MACD=-0.018517,4h:HIST=0.01388 | BS15=0.852 | RulesPassed=روند 1h;EMA21 30m;کندل قوی 15m;RSI;MACD | Reasons=روند 1h: EMA همسو + ساختار HH/HL در 3 کندل|قیمت همسو با EMA21 در 30m + ساختار|قدرت کندل 15m = 0.85 (حد > 0.45)|RSI: 5/5 همسو + 1 خیلی قوی|MACD: 3/5 همسو + 1 شدت قوی"
ARB-USDT,LONG,ریسک بالا,0.19290000,0.19212120,0.19445760,2025-12-20 11:46:48,OPEN,,,,,10.00,,"Dir=LONG | TF_EMA=30m:EMA21=0.190731,30m:EMA55=0.18894,1h:EMA21=0.189779,1h:EMA55=0.188324,4h:EMA21=0.190311,4h:EMA55=0.196953 | TF_RSI=5m:RSI=83.18,15m:RSI=71.6,30m:RSI=64.95,1h:RSI=61.76,4h:RSI=51.72 | TF_MACD=5m:MACD=0.000779,5m:HIST=0.000214,15m:MACD=0.00028,15m:HIST=0.000459,30m:MACD=0.000335,30m:HIST=3e-06,1h:MACD=0.001617,1h:HIST=-0.000233,4h:MACD=-0.001826,4h:HIST=0.001842 | BS15=1.0 | RulesPassed=روند 1h;EMA21 30m;کندل قوی 15m;ورود + حجم;RSI;MACD;حجم + کندل 15m | Reasons=روند 1h: EMA همسو + ساختار HH/HL در 3 کندل|قیمت همسو با EMA21 در 30m + ساختار|قدرت کندل 15m = 1.00 (حد > 0.45)|شکست سطح + حجم ≥1.15x|RSI: 5/5 همسو + 2 خیلی قوی|MACD: 3/5 همسو + 1 شدت قوی|حجم اسپایک (≥1.15x) + قدرت کندل 15m = 1.00"
NEAR-USDT,LONG,ریسک بالا,1.53930000,1.53242280,1.55305440,2025-12-20 11:46:48,OPEN,,,,,10.00,,"Dir=LONG | TF_EMA=30m:EMA21=1.522971,30m:EMA55=1.514073,1h:EMA21=1.51873,1h:EMA55=1.510414,4h:EMA21=1.522158,4h:EMA55=1.57524 | TF_RSI=5m:RSI=75.03,15m:RSI=67.85,30m:RSI=63.5,1h:RSI=59.05,4h:RSI=51.57 | TF_MACD=5m:MACD=0.005636,5m:HIST=0.001078,15m:MACD=0.00304,15m:HIST=0.003384,30m:MACD=0.001652,30m:HIST=0.001089,1h:MACD=0.008304,1h:HIST=-0.001096,4h:MACD=-0.009813,4h:HIST=0.010982 | BS15=1.0 | RulesPassed=روند 1h;EMA21 30m;کندل قوی 15m;RSI;MACD | Reasons=روند 1h: EMA همسو + ساختار HH/HL در 3 کندل|قیمت همسو با EMA21 در 30m + ساختار|قدرت کندل 15m = 1.00 (حد > 0.45)|RSI: 5/5 همسو + 1 خیلی قوی|MACD: 3/5 همسو + 1 شدت قوی"
OP-USDT,LONG,ریسک بالا,0.28300000,0.28172440,0.28555120,2025-12-20 12:14:35,OPEN,,,,,10.00,,"Dir=LONG | TF_EMA=30m:EMA21=0.278888,30m:EMA55=0.276074,1h:EMA21=0.276874,1h:EMA55=0.275727,4h:EMA21=0.278932,4h:EMA55=0.290472 | TF_RSI=5m:RSI=70.76,15m:RSI=69.12,30m:RSI=65.37,1h:RSI=63.39,4h:RSI=51.64 | TF_MACD=5m:MACD=0.001508,5m:HIST=0.000208,15m:MACD=0.001052,15m:HIST=0.000786,30m:MACD=0.001272,30m:HIST=0.00036,1h:MACD=0.002377,1h:HIST=4.6e-05,4h:MACD=-0.00367,4h:HIST=0.002628 | BS15=0.706 | RulesPassed=روند 1h;EMA21 30m;کندل قوی 15m;RSI;MACD;حجم + کندل 15m | Reasons=روند 1h: EMA همسو + ساختار HH/HL در 3 کندل|قیمت همسو با EMA21 در 30m + ساختار|قدرت کندل 15m = 0.71 (حد > 0.45)|RSI: 5/5 همسو + 1 خیلی قوی|MACD: 4/5 همسو + 1 شدت قوی|حجم اسپایک (≥1.15x) + قدرت کندل 15m = 0.71"
POL-USDT,LONG,ریسک میانی,0.11190000,0.11145960,0.11278080,2025-12-20 12:14:34,OPEN,,,,,10.00,,"Dir=LONG | TF_EMA=30m:EMA21=0.10979,30m:EMA55=0.108551,1h:EMA21=0.108935,1h:EMA55=0.10832,4h:EMA21=0.109466,4h:EMA55=0.113468 | TF_RSI=5m:RSI=76.68,15m:RSI=81.84,30m:RSI=77.33,1h:RSI=69.01,4h:RSI=54.91 | TF_MACD=5m:MACD=0.000554,5m:HIST=8.2e-05,15m:MACD=0.000648,15m:HIST=0.000219,30m:MACD=0.000803,30m:HIST=0.000217,1h:MACD=0.001058,1h:HIST=0.000229,4h:MACD=-0.000973,4h:HIST=0.000989 | BS15=0.667 | RulesPassed=روند 4h;روند 1h;EMA21 30m;کندل قوی 15m;RSI;MACD | Reasons=روند 4h: بالای/زیر EMA21 + ساختار HH/HL در 3 کندل|روند 1h: EMA همسو + ساختار HH/HL در 3 کندل|قیمت همسو با EMA21 در 30m|قدرت کندل 15m = 0.67 (حد > 0.45)|RSI: 5/5 همسو + 3 خیلی قوی|MACD: 4/5 همسو + 1 شدت قوی"
DOGE-USDT,LONG,ریسک بالا,0.13225000,0.13181080,0.13312840,2025-12-20 12:14:34,OPEN,,,,,10.00,,"Dir=LONG | TF_EMA=30m:EMA21=0.131431,30m:EMA55=0.130173,1h:EMA21=0.130632,1h:EMA55=0.129166,4h:EMA21=0.129739,4h:EMA55=0.132717 | TF_RSI=5m:RSI=65.92,15m:RSI=63.92,30m:RSI=62.03,1h:RSI=62.79,4h:RSI=55.28 | TF_MACD=5m:MACD=0.00029,5m:HIST=8.4e-05,15m:MACD=0.000153,15m:HIST=0.000135,30m:MACD=0.000325,30m:HIST=1e-05,1h:MACD=0.001067,1h:HIST=-0.000162,4h:MACD=-9.1e-05,4h:HIST=0.001051 | BS15=0.706 | RulesPassed=EMA21 30m;کندل قوی 15m;RSI;MACD;حجم + کندل 15m | Reasons=قیمت همسو با EMA21 در 30m + ساختار|قدرت کندل 15m = 0.71 (حد > 0.45)|RSI: 5/5 همسو + 0 خیلی قوی|MACD: 3/5 همسو + 1 شدت قوی|حجم اسپایک (≥1.15x) + قدرت کندل 15m = 0.71"
XLM-USDT,LONG,ریسک میانی,0.22250000,0.22176560,0.22396880,2025-12-20 12:14:34,OPEN,,,,,10.00,,"Dir=LONG | TF_EMA=30m:EMA21=0.220134,30m:EMA55=0.218096,1h:EMA21=0.218885,1h:EMA55=0.216684,4h:EMA21=0.218008,4h:EMA55=0.2246 | TF_RSI=5m:RSI=75.55,15m:RSI=69.54,30m:RSI=69.56,1h:RSI=67.0,4h:RSI=55.67 | TF_MACD=5m:MACD=0.000587,5m:HIST=0.000162,15m:MACD=0.000564,15m:HIST=0.000239,30m:MACD=0.000805,30m:HIST=0.000149,1h:MACD=0.001744,1h:HIST=-3.9e-05,4h:MACD=-0.00074,4h:HIST=0.001911 | BS15=0.714 | RulesPassed=روند 4h;EMA21 30m;کندل قوی 15m;ورود + حجم;RSI;MACD | Reasons=روند 4h: بالای/زیر EMA21 + ساختار HH/HL در 3 کندل|قیمت همسو با EMA21 در 30m|قدرت کندل 15m = 0.71 (حد > 0.45)|نزدیکی سطح + حجم ≥1.15x|RSI: 5/5 همسو + 1 خیلی قوی|MACD: 3/5 همسو + 1 شدت قوی"
ARB-USDT,LONG,ریسک بالا,0.19320000,0.19232880,0.19494240,2025-12-20 12:14:35,OPEN,,,,,10.00,,"Dir=LONG | TF_EMA=30m:EMA21=0.191038,30m:EMA55=0.189126,1h:EMA21=0.189806,1h:EMA55=0.188335,4h:EMA21=0.190338,4h:EMA55=0.196964 | TF_RSI=5m:RSI=71.89,15m:RSI=67.96,30m:RSI=63.62,1h:RSI=62.41,4h:RSI=52.06 | TF_MACD=5m:MACD=0.000932,5m:HIST=0.000114,15m:MACD=0.000491,15m:HIST=0.000523,30m:MACD=0.000557,30m:HIST=0.000168,1h:MACD=0.001641,1h:HIST=-0.000213,4h:MACD=-0.001802,4h:HIST=0.001861 | BS15=1.0 | RulesPassed=روند 1h;EMA21 30m;کندل قوی 15m;RSI;MACD;حجم + کندل 15m | Reasons=روند 1h: EMA همسو + ساختار HH/HL در 3 کندل|قیمت همسو با EMA21 در 30m + ساختار|قدرت کندل 15m = 1.00 (حد > 0.45)|RSI: 5/5 همسو + 1 خیلی قوی|MACD: 3/5 همسو + 1 شدت قوی|حجم اسپایک (≥1.15x) + قدرت کندل 15m = 1.00"
DOT-USDT,LONG,ریسک بالا,1.86310000,1.85465560,1.87998880,2025-12-20 12:14:34,OPEN,,,,,10.00,,"Dir=LONG | TF_EMA=30m:EMA21=1.844721,30m:EMA55=1.832881,1h:EMA21=1.837226,1h:EMA55=1.830219,4h:EMA21=1.845933,4h:EMA55=1.923128 | TF_RSI=5m:RSI=72.63,15m:RSI=67.54,30m:RSI=64.31,1h:RSI=60.52,4h:RSI=50.89 | TF_MACD=5m:MACD=0.006722,5m:HIST=0.000842,15m:MACD=0.004917,15m:HIST=0.003504,30m:MACD=0.004895,30m:HIST=0.002141,1h:MACD=0.010277,1h:HIST=-0.000217,4h:MACD=-0.018166,4h:HIST=0.014161 | BS15=0.563 | RulesPassed=روند 1h;EMA21 30m;کندل قوی 15m;RSI;MACD;حجم + کندل 15m | Reasons=روند 1h: EMA همسو + ساختار HH/HL در 3 کندل|قیمت همسو با EMA21 در 30m + ساختار|قدرت کندل 15m = 0.56 (حد > 0.45)|RSI: 5/5 همسو + 1 خیلی قوی|MACD: 3/5 همسو + 1 شدت قوی|حجم اسپایک (≥1.15x) + قدرت کندل 15m = 0.56"
BNB-USDT,LONG,ریسک میانی,855.41000000,853.72750760,858.77498480,2025-12-20 12:14:34,OPEN,,,,,10.00,,"Dir=LONG | TF_EMA=30m:EMA21=854.508725,30m:EMA55=850.805245,1h:EMA21=852.090362,1h:EMA55=849.02904,4h:EMA21=851.930397,4h:EMA55=863.139255 | TF_RSI=5m:RSI=57.91,15m:RSI=52.89,30m:RSI=54.61,1h:RSI=57.45,4h:RSI=50.86 | TF_MACD=5m:MACD=0.366526,5m:HIST=0.208958,15m:MACD=-0.104407,15m:HIST=0.092439,30m:MACD=0.853344,30m:HIST=-0.400272,1h:MACD=3.078671,1h:HIST=-0.474409,4h:MACD=-2.965449,4h:HIST=3.238571 | BS15=0.465 | RulesPassed=EMA21 30m;کندل قوی 15m;ورود + حجم;RSI;MACD;حجم + کندل 15m | Reasons=قیمت همسو با EMA21 در 30m|قدرت کندل 15m = 0.47 (حد > 0.45)|نزدیکی سطح + حجم ≥1.15x|RSI: 5/5 همسو + 0 خیلی قوی|MACD: 1/5 همسو + 1 شدت قوی|حجم اسپایک (≥1.15x) + قدرت کندل 15m = 0.47"
APT-USDT,LONG,ریسک بالا,1.67520000,1.66335000,1.69890000,2025-12-20 12:14:35,OPEN,,,,,10.00,,"Dir=LONG | TF_EMA=30m:EMA21=1.639651,30m:EMA55=1.600729,1h:EMA21=1.615606,1h:EMA55=1.571613,4h:EMA21=1.579094,4h:EMA55=1.622495 | TF_RSI=5m:RSI=70.87,15m:RSI=71.78,30m:RSI=69.14,1h:RSI=68.43,4h:RSI=64.43 | TF_MACD=5m:MACD=0.008717,5m:HIST=0.001796,15m:MACD=0.008671,15m:HIST=0.003701,30m:MACD=0.015324,30m:HIST=0.001,1h:MACD=0.03357,1h:HIST=3e-05,4h:MACD=0.013904,4h:HIST=0.025012 | BS15=0.532 | RulesPassed=روند 1h;EMA21 30m;کندل قوی 15m;RSI;MACD;حجم + کندل 15m | Reasons=روند 1h: EMA همسو + ساختار HH/HL در 3 کندل|قیمت همسو با EMA21 در 30m + ساختار|قدرت کندل 15m = 0.53 (حد > 0.45)|RSI: 5/5 همسو + 2 خیلی قوی|MACD: 5/5 همسو + 1 شدت قوی|حجم اسپایک (≥1.15x) + قدرت کندل 15m = 0.53"
NEAR-USDT,LONG,ریسک بالا,1.54410000,1.53697560,1.55834880,2025-12-20 12:14:35,OPEN,,,,,10.00,,"Dir=LONG | TF_EMA=30m:EMA21=1.52514,30m:EMA55=1.515249,1h:EMA21=1.519166,1h:EMA55=1.510585,4h:EMA21=1.522594,4h:EMA55=1.575412 | TF_RSI=5m:RSI=78.63,15m:RSI=70.82,30m:RSI=65.92,1h:RSI=60.38,4h:RSI=52.27 | TF_MACD=5m:MACD=0.006517,5m:HIST=0.000741,15m:MACD=0.004419,15m:HIST=0.003773,30m:MACD=0.003338,30m:HIST=0.002182,1h:MACD=0.008687,1h:HIST=-0.00079,4h:MACD=-0.00943,4h:HIST=0.011289 | BS15=0.444 | RulesPassed=روند 1h;EMA21 30m;ورود + حجم;RSI;MACD | Reasons=روند 1h: EMA همسو + ساختار HH/HL در 3 کندل|قیمت همسو با EMA21 در 30m + ساختار|نزدیکی سطح + حجم ≥1.15x|RSI: 5/5 همسو + 2 خیلی قوی|MACD: 3/5 همسو + 1 شدت قوی"
XRP-USDT,LONG,ریسک میانی,1.93380000,1.92714720,1.94710560,2025-12-20 12:14:34,OPEN,,,,,10.00,,"Dir=LONG | TF_EMA=30m:EMA21=1.910223,30m:EMA55=1.893232,1h:EMA21=1.899162,1h:EMA55=1.885773,4h:EMA21=1.896222,4h:EMA55=1.939299 | TF_RSI=5m:RSI=73.23,15m:RSI=75.02,30m:RSI=72.35,1h:RSI=68.3,4h:RSI=56.58 | TF_MACD=5m:MACD=0.005398,5m:HIST=0.002197,15m:MACD=0.005414,15m:HIST=0.001798,30m:MACD=0.008494,30m:HIST=0.001377,1h:MACD=0.014587,1h:HIST=0.001356,4h:MACD=-0.00634,4h:HIST=0.012431 | BS15=0.495 | RulesPassed=روند 4h;EMA21 30m;کندل قوی 15m;RSI;MACD;حجم + کندل 15m | Reasons=روند 4h: بالای/زیر EMA21 + ساختار HH/HL در 3 کندل|قیمت همسو با EMA21 در 30m|قدرت کندل 15m = 0.50 (حد > 0.45)|RSI: 5/5 همسو + 3 خیلی قوی|MACD: 4/5 همسو + 1 شدت قوی|حجم اسپایک (≥1.15x) + قدرت کندل 15m = 0.50"
POL-USDT,LONG,ریسک بالا,0.11160000,0.11115480,0.11249040,2025-12-20 12:44:28,OPEN,,,,,10.00,,"Dir=LONG | TF_EMA=30m:EMA21=0.109913,30m:EMA55=0.108643,1h:EMA21=0.109136,1h:EMA55=0.10842,4h:EMA21=0.109439,4h:EMA55=0.113457 | TF_RSI=5m:RSI=62.76,15m:RSI=71.85,30m:RSI=71.14,1h:RSI=68.04,4h:RSI=54.2 | TF_MACD=5m:MACD=0.000369,5m:HIST=-6.4e-05,15m:MACD=0.000665,15m:HIST=0.000154,30m:MACD=0.000813,30m:HIST=0.000187,1h:MACD=0.0011,1h:HIST=0.000224,4h:MACD=-0.000997,4h:HIST=0.00097 | BS15=0.667 | RulesPassed=روند 4h;EMA21 30m;کندل قوی 15m;RSI;MACD | Reasons=ساختار HH/HL در 3 کندل 4h|قیمت همسو با EMA21 در 30m + شیب مناسب|قدرت کندل 15m = 0.67 (حد > 0.4)|RSI: 5/5 همسو + 2 خیلی قوی (>70/<30)|MACD: 3/5 همسو + 1 شدت قوی + دروازه هیستوگرام"
ATOM-USDT,LONG,ریسک بالا,1.99150000,1.98404200,2.00641600,2025-12-20 12:44:28,OPEN,,,,,10.00,,"Dir=LONG | TF_EMA=30m:EMA21=1.976287,30m:EMA55=1.951614,1h:EMA21=1.961266,1h:EMA55=1.945883,4h:EMA21=1.963327,4h:EMA55=2.04385 | TF_RSI=5m:RSI=52.14,15m:RSI=60.82,30m:RSI=63.92,1h:RSI=64.09,4h:RSI=52.33 | TF_MACD=5m:MACD=0.0026,5m:HIST=-0.001548,15m:MACD=0.006637,15m:HIST=0.001145,30m:MACD=0.011415,30m:HIST=6.7e-05,1h:MACD=0.0204,1h:HIST=0.000944,4h:MACD=-0.020008,4h:HIST=0.018701 | BS15=0.471 | RulesPassed=روند 4h;EMA21 30m;کندل قوی 15m;RSI;MACD | Reasons=ساختار HH/HL در 3 کندل 4h|قیمت همسو با EMA21 در 30m + شیب مناسب|قدرت کندل 15m = 0.47 (حد > 0.4)|RSI: 5/5 همسو + 0 خیلی قوی (>70/<30)|MACD: 3/5 همسو + 1 شدت قوی + دروازه هیستوگرام"
XRP-USDT,LONG,ریسک بالا,1.93284000,1.92576960,1.94698080,2025-12-20 12:44:28,OPEN,,,,,10.00,,"Dir=LONG | TF_EMA=30m:EMA21=1.911917,30m:EMA55=1.894496,1h:EMA21=1.901884,1h:EMA55=1.887312,4h:EMA21=1.89611,4h:EMA55=1.939255 | TF_RSI=5m:RSI=63.07,15m:RSI=71.13,30m:RSI=71.93,1h:RSI=68.1,4h:RSI=56.37 | TF_MACD=5m:MACD=0.005375,5m:HIST=0.000477,15m:MACD=0.00647,15m:HIST=0.001933,30m:MACD=0.008955,30m:HIST=0.001526,1h:MACD=0.015127,1h:HIST=0.001569,4h:MACD=-0.006438,4h:HIST=0.012353 | BS15=0.419 | RulesPassed=روند 4h;EMA21 30m;کندل قوی 15m;RSI;MACD;حجم + کندل 15m | Reasons=ساختار HH/HL در 3 کندل 4h|قیمت همسو با EMA21 در 30m + شیب مناسب|قدرت کندل 15m = 0.42 (حد > 0.4)|RSI: 5/5 همسو + 2 خیلی قوی (>70/<30)|MACD: 4/5 همسو + 1 شدت قوی + دروازه هیستوگرام|حجم اسپایک (≥1.1x) + قدرت کندل 15m = 0.42"
XRP-USDT,LONG,ریسک بالا,1.93840000,1.93102120,1.95315760,2025-12-20 12:56:04,OPEN,,,,,10.00,,"Dir=LONG | TF_EMA=30m:EMA21=1.912423,30m:EMA55=1.894695,1h:EMA21=1.902389,1h:EMA55=1.887511,4h:EMA21=1.896616,4h:EMA55=1.939454 | TF_RSI=5m:RSI=67.84,15m:RSI=74.46,30m:RSI=74.3,1h:RSI=69.66,4h:RSI=57.29 | TF_MACD=5m:MACD=0.005796,5m:HIST=0.000505,15m:MACD=0.007356,15m:HIST=0.002247,30m:MACD=0.009398,30m:HIST=0.001881,1h:MACD=0.01557,1h:HIST=0.001924,4h:MACD=-0.005994,4h:HIST=0.012708 | BS15=0.53 | RulesPassed=روند 4h;روند 1h;EMA21 30m;کندل قوی 15m;RSI;MACD | Reasons=ساختار HH/HL در 3 کندل 4h|ساختار HH/HL در 3 کندل 1h|قیمت همسو با EMA21 در 30m + شیب مناسب|قدرت کندل 15m = 0.53 (حد > 0.4)|RSI: 5/5 همسو + 2 خیلی قوی (>70/<30)|MACD: 4/5 همسو + 1 شدت قوی + دروازه هیستوگرام"
POL-USDT,LONG,ریسک بالا,0.11170000,0.11126080,0.11257840,2025-12-20 12:56:04,OPEN,,,,,10.00,,"Dir=LONG | TF_EMA=30m:EMA21=0.109922,30m:EMA55=0.108646,1h:EMA21=0.109145,1h:EMA55=0.108424,4h:EMA21=0.109448,4h:EMA55=0.113461 | TF_RSI=5m:RSI=63.09,15m:RSI=72.72,30m:RSI=71.69,1h:RSI=68.41,4h:RSI=54.44 | TF_MACD=5m:MACD=0.00033,5m:HIST=-5.8e-05,15m:MACD=0.000677,15m:HIST=0.000134,30m:MACD=0.000821,30m:HIST=0.000194,1h:MACD=0.001108,1h:HIST=0.00023,4h:MACD=-0.000989,4h:HIST=0.000976 | BS15=0.0 | RulesPassed=روند 4h;EMA21 30m;RSI;MACD | Reasons=ساختار HH/HL در 3 کندل 4h|قیمت همسو با EMA21 در 30m + شیب مناسب|RSI: 5/5 همسو + 2 خیلی قوی (>70/<30)|MACD: 3/5 همسو + 1 شدت قوی + دروازه هیستوگرام"
XLM-USDT,LONG,ریسک بالا,0.22260000,0.22186200,0.22407600,2025-12-20 12:56:04,OPEN,,,,,10.00,,"Dir=LONG | TF_EMA=30m:EMA21=0.22035,30m:EMA55=0.218254,1h:EMA21=0.219215,1h:EMA55=0.216891,4h:EMA21=0.218017,4h:EMA55=0.224603 | TF_RSI=5m:RSI=63.17,15m:RSI=66.65,30m:RSI=70.02,1h:RSI=67.28,4h:RSI=55.8 | TF_MACD=5m:MACD=0.000547,5m:HIST=-2.7e-05,15m:MACD=0.000778,15m:HIST=0.000256,30m:MACD=0.000895,30m:HIST=0.000193,1h:MACD=0.001814,1h:HIST=2.6e-05,4h:MACD=-0.000732,4h:HIST=0.001917 | BS15=0.6 | RulesPassed=روند 4h;EMA21 30m;کندل قوی 15m;RSI;MACD;حجم + کندل 15m | Reasons=ساختار HH/HL در 3 کندل 4h|قیمت همسو با EMA21 در 30m + شیب مناسب|قدرت کندل 15m = 0.60 (حد > 0.4)|RSI: 5/5 همسو + 1 خیلی قوی (>70/<30)|MACD: 3/5 همسو + 1 شدت قوی + دروازه هیستوگرام|حجم اسپایک (≥1.1x) + قدرت کندل 15m = 0.60"
AVAX-USDT,LONG,ریسک بالا,12.36100000,12.32658280,12.42983440,2025-12-20 13:01:49,OPEN,,,,,10.00,,"Dir=LONG | TF_EMA=30m:EMA21=12.279794,30m:EMA55=12.160498,1h:EMA21=12.204059,1h:EMA55=12.081861,4h:EMA21=12.157344,4h:EMA55=12.559537 | TF_RSI=5m:RSI=63.35,15m:RSI=66.21,30m:RSI=65.6,1h:RSI=64.2,4h:RSI=53.94 | TF_MACD=5m:MACD=0.014268,5m:HIST=-0.001828,15m:MACD=0.029425,15m:HIST=0.006293,30m:MACD=0.043683,30m:HIST=0.005172,1h:MACD=0.101431,1h:HIST=-0.005119,4h:MACD=-0.061671,4h:HIST=0.10866 | BS15=0.778 | RulesPassed=روند 4h;EMA21 30m;کندل قوی 15m;RSI | Reasons=ساختار HH/HL در 3 کندل 4h|قیمت همسو با EMA21 در 30m + شیب مناسب|قدرت کندل 15m = 0.78 [حد > 0.4]|RSI: 5/5 همسو + 0 خیلی قوی [آستانه 70/30]"
APT-USDT,LONG,ریسک بالا,1.69560000,1.68255360,1.72169280,2025-12-20 13:01:49,OPEN,,,,,10.00,,"Dir=LONG | TF_EMA=30m:EMA21=1.64965,30m:EMA55=1.607524,1h:EMA21=1.623704,1h:EMA55=1.576385,4h:EMA21=1.580948,4h:EMA55=1.623224 | TF_RSI=5m:RSI=73.49,15m:RSI=77.7,30m:RSI=73.87,1h:RSI=71.3,4h:RSI=66.37 | TF_MACD=5m:MACD=0.011182,5m:HIST=0.000609,15m:MACD=0.014731,15m:HIST=0.00499,30m:MACD=0.019828,30m:HIST=0.003702,1h:MACD=0.036277,1h:HIST=0.002062,4h:MACD=0.015532,4h:HIST=0.026314 | BS15=0.871 | RulesPassed=روند 1h;EMA21 30m;کندل قوی 15m;MACD | Reasons=ساختار HH/HL در 3 کندل 1h|قیمت همسو با EMA21 در 30m + شیب مناسب|قدرت کندل 15m = 0.87 [حد > 0.4]|MACD: 5/5 همسو + 1 شدت قوی + گیت هیستوگرام"
XLM-USDT,LONG,ریسک بالا,0.22320000,0.22249680,0.22460640,2025-12-20 13:01:49,OPEN,,,,,10.00,,"Dir=LONG | TF_EMA=30m:EMA21=0.220642,30m:EMA55=0.218444,1h:EMA21=0.219269,1h:EMA55=0.216913,4h:EMA21=0.218072,4h:EMA55=0.224625 | TF_RSI=5m:RSI=69.32,15m:RSI=72.65,30m:RSI=72.43,1h:RSI=68.75,4h:RSI=56.56 | TF_MACD=5m:MACD=0.000592,5m:HIST=9e-06,15m:MACD=0.000871,15m:HIST=0.000274,30m:MACD=0.001033,30m:HIST=0.00026,1h:MACD=0.001861,1h:HIST=6.4e-05,4h:MACD=-0.000684,4h:HIST=0.001956 | BS15=1.0 | RulesPassed=روند 4h;روند 1h;EMA21 30m;کندل قوی 15m;RSI;MACD | Reasons=ساختار HH/HL در 3 کندل 4h|ساختار HH/HL در 3 کندل 1h|قیمت همسو با EMA21 در 30m + شیب مناسب|قدرت کندل 15m = 1.00 [حد > 0.4]|RSI: 5/5 همسو + 2 خیلی قوی [آستانه 70/30]|MACD: 4/5 همسو + 1 شدت قوی + گیت هیستوگرام"
SOL-USDT,LONG,ریسک بالا,126.66000000,126.33741720,127.30516560,2025-12-20 13:01:49,OPEN,,,,,10.00,,"Dir=LONG | TF_EMA=30m:EMA21=126.275851,30m:EMA55=125.525029,1h:EMA21=125.768692,1h:EMA55=125.096004,4h:EMA21=125.566615,4h:EMA55=128.200256 | TF_RSI=5m:RSI=57.99,15m:RSI=57.75,30m:RSI=57.88,1h:RSI=59.34,4h:RSI=51.77 | TF_MACD=5m:MACD=0.072582,5m:HIST=-0.002667,15m:MACD=0.117902,15m:HIST=0.024583,30m:MACD=0.234866,30m:HIST=-0.005546,1h:MACD=0.633346,1h:HIST=-0.059947,4h:MACD=-0.581569,4h:HIST=0.674892 | BS15=0.714 | RulesPassed=روند 4h;EMA21 30m;کندل قوی 15m;RSI | Reasons=ساختار HH/HL در 3 کندل 4h|قیمت همسو با EMA21 در 30m + شیب مناسب|قدرت کندل 15m = 0.71 [حد > 0.4]|RSI: 5/5 همسو + 0 خیلی قوی [آستانه 70/30]"
LTC-USDT,LONG,ریسک بالا,77.57000000,77.34759320,78.01481360,2025-12-20 13:01:49,OPEN,,,,,10.00,,"Dir=LONG | TF_EMA=30m:EMA21=77.148939,30m:EMA55=76.808028,1h:EMA21=76.918217,1h:EMA55=76.686593,4h:EMA21=77.028129,4h:EMA55=78.658274 | TF_RSI=5m:RSI=67.13,15m:RSI=66.32,30m:RSI=61.91,1h:RSI=59.96,4h:RSI=51.32 | TF_MACD=5m:MACD=0.138338,5m:HIST=-0.006661,15m:MACD=0.131219,15m:HIST=0.085645,30m:MACD=0.120789,30m:HIST=0.047112,1h:MACD=0.293914,1h:HIST=-0.018741,4h:MACD=-0.439071,4h:HIST=0.352647 | BS15=0.5 | RulesPassed=روند 1h;EMA21 30m;کندل قوی 15m;RSI | Reasons=ساختار HH/HL در 3 کندل 1h|قیمت همسو با EMA21 در 30m + شیب مناسب|قدرت کندل 15m = 0.50 [حد > 0.4]|RSI: 5/5 همسو + 0 خیلی قوی [آستانه 70/30]"
DOT-USDT,LONG,ریسک بالا,1.86050000,1.85246480,1.87657040,2025-12-20 13:01:49,OPEN,,,,,10.00,,"Dir=LONG | TF_EMA=30m:EMA21=1.846935,30m:EMA55=1.834586,1h:EMA21=1.83878,1h:EMA55=1.831067,4h:EMA21=1.845733,4h:EMA55=1.923049 | TF_RSI=5m:RSI=60.88,15m:RSI=63.05,30m:RSI=61.47,1h:RSI=59.92,4h:RSI=50.55 | TF_MACD=5m:MACD=0.003196,5m:HIST=-0.000922,15m:MACD=0.005648,15m:HIST=0.001887,30m:MACD=0.005653,30m:HIST=0.002018,1h:MACD=0.010397,1h:HIST=9e-06,4h:MACD=-0.018342,4h:HIST=0.01402 | BS15=0.423 | RulesPassed=EMA21 30m;کندل قوی 15m;RSI;MACD | Reasons=قیمت همسو با EMA21 در 30m + شیب مناسب|قدرت کندل 15m = 0.42 [حد > 0.4]|RSI: 5/5 همسو + 0 خیلی قوی [آستانه 70/30]|MACD: 3/5 همسو + 1 شدت قوی + گیت هیستوگرام"
XRP-USDT,LONG,ریسک بالا,1.94559000,1.93831200,1.96014600,2025-12-20 13:01:49,OPEN,,,,,10.00,,"Dir=LONG | TF_EMA=30m:EMA21=1.915668,30m:EMA55=1.896608,1h:EMA21=1.903043,1h:EMA55=1.887768,4h:EMA21=1.897269,4h:EMA55=1.939711 | TF_RSI=5m:RSI=74.87,15m:RSI=77.95,30m:RSI=76.93,1h:RSI=71.47,4h:RSI=58.43 | TF_MACD=5m:MACD=0.006522,5m:HIST=0.000949,15m:MACD=0.008667,15m:HIST=0.002811,30m:MACD=0.011018,30m:HIST=0.002765,1h:MACD=0.016144,1h:HIST=0.002383,4h:MACD=-0.005421,4h:HIST=0.013167 | BS15=1.0 | RulesPassed=روند 4h;روند 1h;EMA21 30m;کندل قوی 15m;MACD | Reasons=ساختار HH/HL در 3 کندل 4h|ساختار HH/HL در 3 کندل 1h|قیمت همسو با EMA21 در 30m + شیب مناسب|قدرت کندل 15m = 1.00 [حد > 0.4]|MACD: 4/5 همسو + 1 شدت قوی + گیت هیستوگرام"
POL-USDT,LONG,ریسک بالا,0.11180000,0.11138360,0.11263280,2025-12-20 13:01:49,OPEN,,,,,10.00,,"Dir=LONG | TF_EMA=30m:EMA21=0.110101,30m:EMA55=0.108762,1h:EMA21=0.109154,1h:EMA55=0.108427,4h:EMA21=0.109457,4h:EMA55=0.113464 | TF_RSI=5m:RSI=66.55,15m:RSI=73.54,30m:RSI=72.23,1h:RSI=68.78,4h:RSI=54.67 | TF_MACD=5m:MACD=0.000329,5m:HIST=-4.8e-05,15m:MACD=0.000694,15m:HIST=0.000119,30m:MACD=0.000871,30m:HIST=0.000194,1h:MACD=0.001116,1h:HIST=0.000236,4h:MACD=-0.000981,4h:HIST=0.000982 | BS15=1.0 | RulesPassed=روند 4h;EMA21 30m;کندل قوی 15m;RSI;MACD | Reasons=ساختار HH/HL در 3 کندل 4h|قیمت همسو با EMA21 در 30m + شیب مناسب|قدرت کندل 15m = 1.00 [حد > 0.4]|RSI: 5/5 همسو + 2 خیلی قوی [آستانه 70/30]|MACD: 3/5 همسو + 1 شدت قوی + گیت هیستوگرام"
OP-USDT,LONG,ریسک بالا,0.28250000,0.28131200,0.28487600,2025-12-20 13:01:49,OPEN,,,,,10.00,,"Dir=LONG | TF_EMA=30m:EMA21=0.279142,30m:EMA55=0.276272,1h:EMA21=0.277311,1h:EMA55=0.275938,4h:EMA21=0.278886,4h:EMA55=0.290454 | TF_RSI=5m:RSI=61.57,15m:RSI=65.04,30m:RSI=62.88,1h:RSI=62.76,4h:RSI=51.25 | TF_MACD=5m:MACD=0.000769,5m:HIST=-0.000235,15m:MACD=0.001228,15m:HIST=0.000516,30m:MACD=0.001346,30m:HIST=0.000358,1h:MACD=0.002461,1h:HIST=0.000116,4h:MACD=-0.00371,4h:HIST=0.002596 | BS15=1.0 | RulesPassed=EMA21 30m;کندل قوی 15m;RSI;MACD | Reasons=قیمت همسو با EMA21 در 30m + شیب مناسب|قدرت کندل 15m = 1.00 [حد > 0.4]|RSI: 5/5 همسو + 0 خیلی قوی [آستانه 70/30]|MACD: 3/5 همسو + 1 شدت قوی + گیت هیستوگرام"
DOT-USDT,LONG,ریسک بالا,1.86440000,1.85616800,1.88086400,2025-12-20 13:08:09,OPEN,,,,,10.00,,"Dir=LONG | TF_EMA=30m:EMA21=1.847253,30m:EMA55=1.834711,1h:EMA21=1.839134,1h:EMA55=1.831206,4h:EMA21=1.845978,4h:EMA55=1.923146 | TF_RSI=5m:RSI=67.09,15m:RSI=65.47,30m:RSI=63.17,1h:RSI=61.02,4h:RSI=50.96 | TF_MACD=5m:MACD=0.003381,5m:HIST=-0.000596,15m:MACD=0.005927,15m:HIST=0.00211,30m:MACD=0.005933,30m:HIST=0.002241,1h:MACD=0.010708,1h:HIST=0.000258,4h:MACD=-0.018126,4h:HIST=0.014193 | BS15=0.939 | RulesPassed=EMA21 30m;کندل قوی 15m;RSI;MACD | Reasons=قیمت همسو با EMA21 در 30m + شیب مناسب|قدرت کندل 15m = 0.94 [حد > 0.4]|RSI: 5/5 همسو + 0 خیلی قوی [آستانه 70/30]|MACD: 3/5 همسو + 1 شدت قوی + گیت هیستوگرام"
DOGE-USDT,LONG,ریسک بالا,0.13247000,0.13204400,0.13332200,2025-12-20 13:08:09,OPEN,,,,,10.00,,"Dir=LONG | TF_EMA=30m:EMA21=0.131561,30m:EMA55=0.130313,1h:EMA21=0.130773,1h:EMA55=0.129273,4h:EMA21=0.129759,4h:EMA55=0.132725 | TF_RSI=5m:RSI=67.32,15m:RSI=64.73,30m:RSI=62.67,1h:RSI=63.87,4h:RSI=55.73 | TF_MACD=5m:MACD=0.000189,5m:HIST=-1e-06,15m:MACD=0.00024,15m:HIST=0.000111,30m:MACD=0.000366,30m:HIST=4.3e-05,1h:MACD=0.001061,1h:HIST=-0.000131,4h:MACD=-7.4e-05,4h:HIST=0.001065 | BS15=0.8 | RulesPassed=EMA21 30m;کندل قوی 15m;ورود + حجم;RSI | Reasons=قیمت همسو با EMA21 در 30m + شیب مناسب|قدرت کندل 15m = 0.80 [حد > 0.4]|ری‌تست سطح + حجم ≥1.1x + BS5=0.85|RSI: 5/5 همسو + 0 خیلی قوی [آستانه 70/30]"
ATOM-USDT,LONG,ریسک بالا,1.99190000,1.98510080,2.00549840,2025-12-20 13:08:09,OPEN,,,,,10.00,,"Dir=LONG | TF_EMA=30m:EMA21=1.977599,30m:EMA55=1.953008,1h:EMA21=1.961303,1h:EMA55=1.945897,4h:EMA21=1.963363,4h:EMA55=2.043864 | TF_RSI=5m:RSI=52.48,15m:RSI=60.67,30m:RSI=64.09,1h:RSI=64.19,4h:RSI=52.39 | TF_MACD=5m:MACD=0.001494,5m:HIST=-0.001239,15m:MACD=0.006075,15m:HIST=0.00034,30m:MACD=0.011165,30m:HIST=-0.00013,1h:MACD=0.020432,1h:HIST=0.000969,4h:MACD=-0.019976,4h:HIST=0.018726 | BS15=1.0 | RulesPassed=روند 4h;EMA21 30m;کندل قوی 15m;RSI | Reasons=ساختار HH/HL در 3 کندل 4h|قیمت همسو با EMA21 در 30m + شیب مناسب|قدرت کندل 15m = 1.00 [حد > 0.4]|RSI: 5/5 همسو + 0 خیلی قوی [آستانه 70/30]"
POL-USDT,LONG,ریسک بالا,0.11170000,0.11127520,0.11254960,2025-12-20 13:08:09,OPEN,,,,,10.00,,"Dir=LONG | TF_EMA=30m:EMA21=0.110092,30m:EMA55=0.108759,1h:EMA21=0.109145,1h:EMA55=0.108424,4h:EMA21=0.109448,4h:EMA55=0.113461 | TF_RSI=5m:RSI=62.84,15m:RSI=71.24,30m:RSI=70.78,1h:RSI=68.41,4h:RSI=54.44 | TF_MACD=5m:MACD=0.000304,5m:HIST=-5.8e-05,15m:MACD=0.000686,15m:HIST=0.000112,30m:MACD=0.000863,30m:HIST=0.000187,1h:MACD=0.001108,1h:HIST=0.00023,4h:MACD=-0.000989,4h:HIST=0.000976 | BS15=0.0 | RulesPassed=روند 4h;EMA21 30m;RSI;MACD | Reasons=ساختار HH/HL در 3 کندل 4h|قیمت همسو با EMA21 در 30m + شیب مناسب|RSI: 5/5 همسو + 2 خیلی قوی [آستانه 70/30]|MACD: 3/5 همسو + 1 شدت قوی + گیت هیستوگرام"
XRP-USDT,LONG,ریسک بالا,1.95444000,1.94604360,1.97123280,2025-12-20 13:08:09,OPEN,,,,,10.00,,"Dir=LONG | TF_EMA=30m:EMA21=1.916472,30m:EMA55=1.896924,1h:EMA21=1.903847,1h:EMA55=1.888084,4h:EMA21=1.898074,4h:EMA55=1.940027 | TF_RSI=5m:RSI=80.02,15m:RSI=81.19,30m:RSI=79.59,1h:RSI=73.41,4h:RSI=59.74 | TF_MACD=5m:MACD=0.007603,5m:HIST=0.001612,15m:MACD=0.009373,15m:HIST=0.003375,30m:MACD=0.011724,30m:HIST=0.00333,1h:MACD=0.01685,1h:HIST=0.002947,4h:MACD=-0.004715,4h:HIST=0.013731 | BS15=0.752 | RulesPassed=روند 4h;روند 1h;EMA21 30m;کندل قوی 15m;MACD;حجم + کندل 15m | Reasons=ساختار HH/HL در 3 کندل 4h|ساختار HH/HL در 3 کندل 1h|قیمت همسو با EMA21 در 30m + شیب مناسب|قدرت کندل 15m = 0.75 [حد > 0.4]|MACD: 4/5 همسو + 1 شدت قوی + گیت هیستوگرام|حجم اسپایک [≥1.1x] + قدرت کندل 15m = 0.75"
FIL-USDT,LONG,ریسک بالا,1.31460000,1.30938000,1.32504000,2025-12-20 13:08:09,OPEN,,,,,10.00,,"Dir=LONG | TF_EMA=30m:EMA21=1.302732,30m:EMA55=1.284883,1h:EMA21=1.291924,1h:EMA55=1.269907,4h:EMA21=1.274533,4h:EMA55=1.313419 | TF_RSI=5m:RSI=67.18,15m:RSI=64.4,30m:RSI=62.37,1h:RSI=64.42,4h:RSI=57.29 | TF_MACD=5m:MACD=0.002182,5m:HIST=-0.00013,15m:MACD=0.003323,15m:HIST=0.001206,30m:MACD=0.005844,30m:HIST=0.00026,1h:MACD=0.015139,1h:HIST=-0.001284,4h:MACD=0.003732,4h:HIST=0.013675 | BS15=0.469 | RulesPassed=EMA21 30m;کندل قوی 15m;RSI;حجم + کندل 15m | Reasons=قیمت همسو با EMA21 در 30m + شیب مناسب|قدرت کندل 15m = 0.47 [حد > 0.4]|RSI: 5/5 همسو + 0 خیلی قوی [آستانه 70/30]|حجم اسپایک [≥1.1x] + قدرت کندل 15m = 0.47"
LTC-USDT,LONG,ریسک بالا,77.66000000,77.42645000,78.12710000,2025-12-20 13:08:09,OPEN,,,,,10.00,,"Dir=LONG | TF_EMA=30m:EMA21=77.157121,30m:EMA55=76.811242,1h:EMA21=76.926399,1h:EMA55=76.689807,4h:EMA21=77.036311,4h:EMA55=78.661489 | TF_RSI=5m:RSI=70.8,15m:RSI=68.48,30m:RSI=63.43,1h:RSI=60.81,4h:RSI=51.72 | TF_MACD=5m:MACD=0.145421,5m:HIST=-0.0003,15m:MACD=0.138399,15m:HIST=0.091389,30m:MACD=0.127969,30m:HIST=0.052856,1h:MACD=0.301094,1h:HIST=-0.012997,4h:MACD=-0.431892,4h:HIST=0.358391 | BS15=0.533 | RulesPassed=روند 1h;EMA21 30m;کندل قوی 15m;RSI | Reasons=ساختار HH/HL در 3 کندل 1h|قیمت همسو با EMA21 در 30m + شیب مناسب|قدرت کندل 15m = 0.53 [حد > 0.4]|RSI: 5/5 همسو + 1 خیلی قوی [آستانه 70/30]"
XLM-USDT,LONG,ریسک بالا,0.22330000,0.22256320,0.22477360,2025-12-20 13:08:09,OPEN,,,,,10.00,,"Dir=LONG | TF_EMA=30m:EMA21=0.220651,30m:EMA55=0.218448,1h:EMA21=0.219278,1h:EMA55=0.216916,4h:EMA21=0.218081,4h:EMA55=0.224628 | TF_RSI=5m:RSI=68.97,15m:RSI=73.16,30m:RSI=72.81,1h:RSI=68.98,4h:RSI=56.69 | TF_MACD=5m:MACD=0.000617,5m:HIST=2.4e-05,15m:MACD=0.000879,15m:HIST=0.000281,30m:MACD=0.001041,30m:HIST=0.000266,1h:MACD=0.001869,1h:HIST=7e-05,4h:MACD=-0.000676,4h:HIST=0.001962 | BS15=0.5 | RulesPassed=روند 4h;روند 1h;EMA21 30m;کندل قوی 15m;RSI;MACD | Reasons=ساختار HH/HL در 3 کندل 4h|ساختار HH/HL در 3 کندل 1h|قیمت همسو با EMA21 در 30m + شیب مناسب|قدرت کندل 15m = 0.50 [حد > 0.4]|RSI: 5/5 همسو + 2 خیلی قوی [آستانه 70/30]|MACD: 4/5 همسو + 1 شدت قوی + گیت هیستوگرام"
ATOM-USDT,LONG,ریسک بالا,1.98730000,1.98104320,1.99981360,2025-12-20 13:42:52,OPEN,,,,,10.00,,"Dir=LONG | TF_EMA=30m:EMA21=1.978266,30m:EMA55=1.954144,1h:EMA21=1.963451,1h:EMA55=1.947286,4h:EMA21=1.962945,4h:EMA55=2.0437 | TF_RSI=5m:RSI=43.52,15m:RSI=55.1,30m:RSI=60.68,1h:RSI=62.38,4h:RSI=51.7 | TF_MACD=5m:MACD=-0.000252,5m:HIST=-0.000943,15m:MACD=0.004984,15m:HIST=-0.000551,30m:MACD=0.010395,30m:HIST=-0.000686,1h:MACD=0.019692,1h:HIST=0.000217,4h:MACD=-0.020343,4h:HIST=0.018433 | BS15=1.0 | RulesPassed=روند 4h;EMA21 30m;کندل قوی 15m;RSI;حجم + کندل 15m | Reasons=ساختار HH/HL در 3 کندل 4h|قیمت همسو با EMA21 در 30m + شیب مناسب|قدرت کندل 15m = 1.00 [حد > 0.4]|RSI: 4/5 همسو + 0 خیلی قوی [آستانه 70/30]|حجم اسپایک [≥1.1x] + قدرت کندل 15m = 1.00"
XRP-USDT,LONG,ریسک بالا,1.95327000,1.94463720,1.97053560,2025-12-20 13:42:52,OPEN,,,,,10.00,,"Dir=LONG | TF_EMA=30m:EMA21=1.919383,30m:EMA55=1.898755,1h:EMA21=1.907906,1h:EMA55=1.890231,4h:EMA21=1.897968,4h:EMA55=1.939985 | TF_RSI=5m:RSI=70.41,15m:RSI=74.7,30m:RSI=79.36,1h:RSI=73.24,4h:RSI=59.57 | TF_MACD=5m:MACD=0.008266,5m:HIST=0.0004,15m:MACD=0.011226,15m:HIST=0.00347,30m:MACD=0.012821,30m:HIST=0.003609,1h:MACD=0.018271,1h:HIST=0.003562,4h:MACD=-0.004808,4h:HIST=0.013657 | BS15=0.533 | RulesPassed=روند 4h;EMA21 30m;کندل قوی 15m;RSI;MACD | Reasons=ساختار HH/HL در 3 کندل 4h|قیمت همسو با EMA21 در 30m + شیب مناسب|قدرت کندل 15m = 0.53 [حد > 0.4]|RSI: 5/5 همسو + 4 خیلی قوی [آستانه 70/30]|MACD: 4/5 همسو + 1 شدت قوی + گیت هیستوگرام"
OP-USDT,LONG,ریسک بالا,0.28190000,0.28082120,0.28405760,2025-12-20 13:42:52,OPEN,,,,,10.00,,"Dir=LONG | TF_EMA=30m:EMA21=0.279679,30m:EMA55=0.276691,1h:EMA21=0.277737,1h:EMA55=0.276154,4h:EMA21=0.278832,4h:EMA55=0.290433 | TF_RSI=5m:RSI=50.41,15m:RSI=59.74,30m:RSI=60.17,1h:RSI=61.11,4h:RSI=50.77 | TF_MACD=5m:MACD=0.000394,5m:HIST=-0.000218,15m:MACD=0.001233,15m:HIST=0.000251,30m:MACD=0.001464,30m:HIST=0.000306,1h:MACD=0.002514,1h:HIST=0.000134,4h:MACD=-0.003758,4h:HIST=0.002558 | BS15=0.5 | RulesPassed=EMA21 30m;کندل قوی 15m;RSI;MACD | Reasons=قیمت همسو با EMA21 در 30m + شیب مناسب|قدرت کندل 15m = 0.50 [حد > 0.4]|RSI: 5/5 همسو + 0 خیلی قوی [آستانه 70/30]|MACD: 3/5 همسو + 1 شدت قوی + گیت هیستوگرام"
XLM-USDT,LONG,ریسک بالا,0.22330000,0.22258960,0.22472080,2025-12-20 13:42:52,OPEN,,,,,10.00,,"Dir=LONG | TF_EMA=30m:EMA21=0.220875,30m:EMA55=0.218614,1h:EMA21=0.219627,1h:EMA55=0.217138,4h:EMA21=0.218081,4h:EMA55=0.224628 | TF_RSI=5m:RSI=64.15,15m:RSI=70.7,30m:RSI=72.87,1h:RSI=69.01,4h:RSI=56.69 | TF_MACD=5m:MACD=0.000475,5m:HIST=-6.3e-05,15m:MACD=0.00094,15m:HIST=0.000222,30m:MACD=0.001107,30m:HIST=0.000268,1h:MACD=0.00194,1h:HIST=0.000115,4h:MACD=-0.000676,4h:HIST=0.001962 | BS15=0.4 | RulesPassed=روند 4h;EMA21 30m;کندل قوی 15m;RSI;MACD | Reasons=ساختار HH/HL در 3 کندل 4h|قیمت همسو با EMA21 در 30m + شیب مناسب|قدرت کندل 15m = 0.40 [حد > 0.4]|RSI: 5/5 همسو + 2 خیلی قوی [آستانه 70/30]|MACD: 3/5 همسو + 1 شدت قوی + گیت هیستوگرام"
POL-USDT,LONG,ریسک بالا,0.11150000,0.11110880,0.11228240,2025-12-20 13:42:52,OPEN,,,,,10.00,,"Dir=LONG | TF_EMA=30m:EMA21=0.110203,30m:EMA55=0.10885,1h:EMA21=0.109342,1h:EMA55=0.108527,4h:EMA21=0.10943,4h:EMA55=0.113454 | TF_RSI=5m:RSI=55.13,15m:RSI=66.91,30m:RSI=68.06,1h:RSI=67.65,4h:RSI=53.96 | TF_MACD=5m:MACD=0.000133,5m:HIST=-8.4e-05,15m:MACD=0.000632,15m:HIST=3.4e-05,30m:MACD=0.000852,30m:HIST=0.000143,1h:MACD=0.001138,1h:HIST=0.00021,4h:MACD=-0.001005,4h:HIST=0.000963 | BS15=0.0 | RulesPassed=روند 4h;EMA21 30m;RSI;MACD | Reasons=ساختار HH/HL در 3 کندل 4h|قیمت همسو با EMA21 در 30m + شیب مناسب|RSI: 5/5 همسو + 0 خیلی قوی [آستانه 70/30]|MACD: 3/5 همسو + 1 شدت قوی + گیت هیستوگرام"
AVAX-USDT,LONG,ریسک بالا,12.31600000,12.28138000,12.38524000,2025-12-20 13:42:52,OPEN,,,,,10.00,,"Dir=LONG | TF_EMA=30m:EMA21=12.28102,30m:EMA55=12.165191,1h:EMA21=12.212169,1h:EMA55=12.089362,4h:EMA21=12.153253,4h:EMA55=12.557929 | TF_RSI=5m:RSI=39.66,15m:RSI=53.48,30m:RSI=58.17,1h:RSI=61.15,4h:RSI=52.82 | TF_MACD=5m:MACD=0.001987,5m:HIST=-0.006699,15m:MACD=0.024936,15m:HIST=0.00062,30m:MACD=0.039616,30m:HIST=0.001203,1h:MACD=0.095975,1h:HIST=-0.008141,4h:MACD=-0.065261,4h:HIST=0.105789 | BS15=0.952 | RulesPassed=روند 4h;EMA21 30m;کندل قوی 15m;RSI | Reasons=ساختار HH/HL در 3 کندل 4h|قیمت همسو با EMA21 در 30m + شیب مناسب|قدرت کندل 15m = 0.95 [حد > 0.4]|RSI: 4/5 همسو + 0 خیلی قوی [آستانه 70/30]"
OP-USDT,LONG,ریسک بالا,0.28010000,0.27895760,0.28238480,2025-12-20 14:11:08,OPEN,,,,,10.00,,"Dir=LONG | TF_EMA=30m:EMA21=0.279651,30m:EMA55=0.276785,1h:EMA21=0.277573,1h:EMA55=0.27609,4h:EMA21=0.278668,4h:EMA55=0.290369 | TF_RSI=5m:RSI=36.61,15m:RSI=48.94,30m:RSI=53.46,1h:RSI=56.93,4h:RSI=49.3 | TF_MACD=5m:MACD=-0.00011,5m:HIST=-0.000372,15m:MACD=0.000916,15m:HIST=-7.3e-05,30m:MACD=0.001263,30m:HIST=9.5e-05,1h:MACD=0.00237,1h:HIST=1.9e-05,4h:MACD=-0.003902,4h:HIST=0.002443 | BS15=1.0 | RulesPassed=EMA21 30m;کندل قوی 15m;RSI;MACD | Reasons=قیمت همسو با EMA21 در 30m + شیب مناسب|قدرت کندل 15m = 1.00 [حد > 0.4]|RSI: 2/5 همسو + 0 خیلی قوی [آستانه 70/30]|MACD: 2/5 همسو + 1 شدت قوی + گیت هیستوگرام"
APT-USDT,LONG,ریسک بالا,1.65380000,1.63822760,1.68494480,2025-12-20 14:11:08,OPEN,,,,,10.00,,"Dir=LONG | TF_EMA=30m:EMA21=1.651876,30m:EMA55=1.611389,1h:EMA21=1.62606,1h:EMA55=1.578992,4h:EMA21=1.577148,4h:EMA55=1.621731 | TF_RSI=5m:RSI=32.38,15m:RSI=46.19,30m:RSI=53.68,1h:RSI=59.44,4h:RSI=61.82 | TF_MACD=5m:MACD=-0.001643,5m:HIST=-0.005871,15m:MACD=0.011462,15m:HIST=-0.000582,30m:MACD=0.016905,30m:HIST=0.000186,1h:MACD=0.033741,1h:HIST=-0.00032,4h:MACD=0.012197,4h:HIST=0.023646 | BS15=0.877 | RulesPassed=EMA21 30m;کندل قوی 15m;RSI;حجم + کندل 15m | Reasons=قیمت همسو با EMA21 در 30m + شیب مناسب|قدرت کندل 15m = 0.88 [حد > 0.4]|RSI: 3/5 همسو + 0 خیلی قوی [آستانه 70/30]|حجم اسپایک [≥1.1x] + قدرت کندل 15m = 0.88"
LTC-USDT,LONG,ریسک بالا,77.22000000,76.97317320,77.71365360,2025-12-20 14:11:08,OPEN,,,,,10.00,,"Dir=LONG | TF_EMA=30m:EMA21=77.176524,30m:EMA55=76.84319,1h:EMA21=76.941519,1h:EMA55=76.703921,4h:EMA21=76.996311,4h:EMA55=78.645774 | TF_RSI=5m:RSI=39.69,15m:RSI=49.11,30m:RSI=52.43,1h:RSI=55.11,4h:RSI=49.67 | TF_MACD=5m:MACD=-0.013115,5m:HIST=-0.062447,15m:MACD=0.122266,15m:HIST=0.01944,30m:MACD=0.114777,30m:HIST=0.024897,1h:MACD=0.277424,1h:HIST=-0.027547,4h:MACD=-0.466992,4h:HIST=0.330311 | BS15=0.813 | RulesPassed=EMA21 30m;کندل قوی 15m;RSI;حجم + کندل 15m | Reasons=قیمت همسو با EMA21 در 30m + شیب مناسب|قدرت کندل 15m = 0.81 [حد > 0.4]|RSI: 2/5 همسو + 0 خیلی قوی [آستانه 70/30]|حجم اسپایک [≥1.1x] + قدرت کندل 15m = 0.81"
POL-USDT,LONG,ریسک بالا,0.11030000,0.10985720,0.11118560,2025-12-20 14:11:08,OPEN,,,,,10.00,,"Dir=LONG | TF_EMA=30m:EMA21=0.110154,30m:EMA55=0.108878,1h:EMA21=0.109233,1h:EMA55=0.108484,4h:EMA21=0.109321,4h:EMA55=0.113411 | TF_RSI=5m:RSI=25.75,15m:RSI=46.05,30m:RSI=54.14,1h:RSI=58.56,4h:RSI=50.8 | TF_MACD=5m:MACD=-0.000133,5m:HIST=-0.000181,15m:MACD=0.000439,15m:HIST=-0.000119,30m:MACD=0.000707,30m:HIST=8e-06,1h:MACD=0.001042,1h:HIST=0.000134,4h:MACD=-0.0011,4h:HIST=0.000887 | BS15=1.0 | RulesPassed=روند 4h;EMA21 30m;کندل قوی 15m;RSI;MACD;حجم + کندل 15m | Reasons=ساختار HH/HL در 3 کندل 4h|قیمت همسو با EMA21 در 30m + شیب مناسب|قدرت کندل 15m = 1.00 [حد > 0.4]|RSI: 3/5 همسو + 0 خیلی قوی [آستانه 70/30]|MACD: 2/5 همسو + 1 شدت قوی + گیت هیستوگرام|حجم اسپایک [≥1.1x] + قدرت کندل 15m = 1.00"
TRX-USDT,SHORT,ریسک بالا,0.27920000,0.27958040,0.27843920,2025-12-20 14:11:08,OPEN,,,,,10.00,,"Dir=SHORT | TF_EMA=30m:EMA21=0.279306,30m:EMA55=0.279357,1h:EMA21=0.279331,1h:EMA55=0.279264,4h:EMA21=0.279178,4h:EMA55=0.279172 | TF_RSI=5m:RSI=58.17,15m:RSI=49.21,30m:RSI=47.0,1h:RSI=48.48,4h:RSI=50.43 | TF_MACD=5m:MACD=4e-06,5m:HIST=5.2e-05,15m:MACD=-0.000173,15m:HIST=2.7e-05,30m:MACD=-0.000175,30m:HIST=-6.3e-05,1h:MACD=-3.4e-05,1h:HIST=-0.000113,4h:MACD=0.00015,4h:HIST=-3.5e-05 | BS15=0.667 | RulesPassed=روند 4h;کندل قوی 15m;RSI;MACD;حجم + کندل 15m | Reasons=ساختار LH/LL در 3 کندل 4h|قدرت کندل 15m = 0.67 [حد > 0.4]|RSI: 3/5 همسو + 0 خیلی قوی [آستانه 70/30]|MACD: 2/5 همسو + 1 شدت قوی + گیت هیستوگرام|حجم اسپایک [≥1.1x] + قدرت کندل 15m = 0.67"
XLM-USDT,LONG,ریسک بالا,0.22240000,0.22169800,0.22380400,2025-12-20 14:11:08,OPEN,,,,,10.00,,"Dir=LONG | TF_EMA=30m:EMA21=0.220972,30m:EMA55=0.218732,1h:EMA21=0.219545,1h:EMA55=0.217105,4h:EMA21=0.217999,4h:EMA55=0.224596 | TF_RSI=5m:RSI=48.18,15m:RSI=60.09,30m:RSI=64.77,1h:RSI=64.84,4h:RSI=55.54 | TF_MACD=5m:MACD=0.00015,5m:HIST=-0.000161,15m:MACD=0.000831,15m:HIST=6.5e-05,30m:MACD=0.001056,30m:HIST=0.00018,1h:MACD=0.001868,1h:HIST=5.8e-05,4h:MACD=-0.000748,4h:HIST=0.001904 | BS15=1.0 | RulesPassed=روند 4h;EMA21 30m;کندل قوی 15m;RSI;MACD | Reasons=ساختار HH/HL در 3 کندل 4h|قیمت همسو با EMA21 در 30m + شیب مناسب|قدرت کندل 15m = 1.00 [حد > 0.4]|RSI: 4/5 همسو + 0 خیلی قوی [آستانه 70/30]|MACD: 3/5 همسو + 1 شدت قوی + گیت هیستوگرام"
XRP-USDT,LONG,ریسک بالا,1.94426000,1.93410080,1.96457840,2025-12-20 14:11:08,OPEN,,,,,10.00,,"Dir=LONG | TF_EMA=30m:EMA21=1.921072,30m:EMA55=1.900142,1h:EMA21=1.907086,1h:EMA55=1.889909,4h:EMA21=1.897149,4h:EMA55=1.939663 | TF_RSI=5m:RSI=54.7,15m:RSI=64.77,30m:RSI=72.55,1h:RSI=69.34,4h:RSI=58.22 | TF_MACD=5m:MACD=0.004316,5m:HIST=-0.001841,15m:MACD=0.010931,15m:HIST=0.001988,30m:MACD=0.012719,30m:HIST=0.002893,1h:MACD=0.017552,1h:HIST=0.002987,4h:MACD=-0.005527,4h:HIST=0.013082 | BS15=0.219 | RulesPassed=روند 4h;EMA21 30m;RSI;MACD | Reasons=ساختار HH/HL در 3 کندل 4h|قیمت همسو با EMA21 در 30m + شیب مناسب|RSI: 5/5 همسو + 1 خیلی قوی [آستانه 70/30]|MACD: 3/5 همسو + 1 شدت قوی + گیت هیستوگرام"
FIL-USDT,LONG,ریسک بالا,1.30700000,1.30231400,1.31637200,2025-12-20 14:40:39,OPEN,,,,,10.00,,"Dir=LONG | TF_EMA=30m:EMA21=1.304096,30m:EMA55=1.287298,1h:EMA21=1.294495,1h:EMA55=1.272487,4h:EMA21=1.273842,4h:EMA55=1.313148 | TF_RSI=5m:RSI=39.19,15m:RSI=50.46,30m:RSI=55.29,1h:RSI=60.19,4h:RSI=56.04 | TF_MACD=5m:MACD=-0.000549,5m:HIST=-0.00058,15m:MACD=0.002265,15m:HIST=-0.000413,30m:MACD=0.004996,30m:HIST=-0.000446,1h:MACD=0.013699,1h:HIST=-0.001841,4h:MACD=0.003125,4h:HIST=0.01319 | BS15=0.417 | RulesPassed=EMA21 30m;کندل قوی 15m;RSI;حجم + کندل 15m | Reasons=قیمت همسو با EMA21 در 30m + شیب مناسب|قدرت کندل 15m = 0.42 [حد > 0.4]|RSI: 4/5 همسو + 0 خیلی قوی [آستانه 70/30]|حجم اسپایک [≥1.1x] + قدرت کندل 15m = 0.42"
XRP-USDT,LONG,ریسک بالا,1.93728000,1.92726360,1.95731280,2025-12-20 14:40:39,OPEN,,,,,10.00,,"Dir=LONG | TF_EMA=30m:EMA21=1.92222,30m:EMA55=1.901333,1h:EMA21=1.909506,1h:EMA55=1.891465,4h:EMA21=1.896514,4h:EMA55=1.939414 | TF_RSI=5m:RSI=43.43,15m:RSI=56.94,30m:RSI=65.46,1h:RSI=65.42,4h:RSI=57.11 | TF_MACD=5m:MACD=0.000936,5m:HIST=-0.002317,15m:MACD=0.009591,15m:HIST=0.000219,30m:MACD=0.012127,30m:HIST=0.001891,1h:MACD=0.017431,1h:HIST=0.002343,4h:MACD=-0.006084,4h:HIST=0.012636 | BS15=0.498 | RulesPassed=روند 4h;EMA21 30m;کندل قوی 15m;RSI;MACD | Reasons=ساختار HH/HL در 3 کندل 4h|قیمت همسو با EMA21 در 30m + شیب مناسب|قدرت کندل 15m = 0.50 [حد > 0.4]|RSI: 4/5 همسو + 0 خیلی قوی [آستانه 70/30]|MACD: 3/5 همسو + 1 شدت قوی + گیت هیستوگرام"
POL-USDT,LONG,ریسک بالا,0.11040000,0.10999320,0.11121360,2025-12-20 14:40:39,OPEN,,,,,10.00,,"Dir=LONG | TF_EMA=30m:EMA21=0.110193,30m:EMA55=0.108939,1h:EMA21=0.109356,1h:EMA55=0.108559,4h:EMA21=0.10933,4h:EMA55=0.113414 | TF_RSI=5m:RSI=32.8,15m:RSI=47.38,30m:RSI=55.04,1h:RSI=59.17,4h:RSI=51.07 | TF_MACD=5m:MACD=-0.000242,5m:HIST=-7.7e-05,15m:MACD=0.000297,15m:HIST=-0.00018,30m:MACD=0.000649,30m:HIST=-4.3e-05,1h:MACD=0.001011,1h:HIST=8e-05,4h:MACD=-0.001092,4h:HIST=0.000893 | BS15=1.0 | RulesPassed=روند 4h;EMA21 30m;کندل قوی 15m;RSI | Reasons=ساختار HH/HL در 3 کندل 4h|قیمت همسو با EMA21 در 30m + شیب مناسب|قدرت کندل 15m = 1.00 [حد > 0.4]|RSI: 3/5 همسو + 0 خیلی قوی [آستانه 70/30]"
AVAX-USDT,LONG,ریسک بالا,12.24800000,12.21502880,12.31394240,2025-12-20 14:40:39,OPEN,,,,,10.00,,"Dir=LONG | TF_EMA=30m:EMA21=12.274027,30m:EMA55=12.170417,1h:EMA21=12.210799,1h:EMA55=12.093099,4h:EMA21=12.147071,4h:EMA55=12.555501 | TF_RSI=5m:RSI=25.68,15m:RSI=39.79,30m:RSI=48.35,1h:RSI=55.62,4h:RSI=51.05 | TF_MACD=5m:MACD=-0.021669,5m:HIST=-0.005402,15m:MACD=0.00403,15m:HIST=-0.012113,30m:MACD=0.025214,30m:HIST=-0.009103,1h:MACD=0.083296,1h:HIST=-0.015941,4h:MACD=-0.070685,4h:HIST=0.101449 | BS15=0.929 | RulesPassed=روند 4h;کندل قوی 15m;RSI;عدم واگرایی | Reasons=ساختار HH/HL در 3 کندل 4h|قدرت کندل 15m = 0.93 [حد > 0.4]|RSI: 2/5 همسو + 0 خیلی قوی [آستانه 70/30]|بدون واگرایی در 1h و 4h"
XLM-USDT,SHORT,ریسک بالا,0.22070000,0.22153400,0.21903200,2025-12-20 14:40:39,OPEN,,,,,10.00,,"Dir=SHORT | TF_EMA=30m:EMA21=0.220956,30m:EMA55=0.218806,1h:EMA21=0.219659,1h:EMA55=0.217237,4h:EMA21=0.217845,4h:EMA55=0.224536 | TF_RSI=5m:RSI=32.59,15m:RSI=42.84,30m:RSI=50.86,1h:RSI=56.83,4h:RSI=53.19 | TF_MACD=5m:MACD=-0.000245,5m:HIST=-0.00029,15m:MACD=0.0006,15m:HIST=-0.00014,30m:MACD=0.000906,30m:HIST=2.3e-05,1h:MACD=0.001729,1h:HIST=-6.6e-05,4h:MACD=-0.000884,4h:HIST=0.001796 | BS15=0.81 | RulesPassed=روند 1h;EMA21 30m;کندل قوی 15m;RSI;حجم + کندل 15m | Reasons=ساختار LH/LL در 3 کندل 1h|قیمت همسو با EMA21 در 30m + شیب مناسب|قدرت کندل 15m = 0.81 [حد > 0.4]|RSI: 2/5 همسو + 0 خیلی قوی [آستانه 70/30]|حجم اسپایک [≥1.1x] + قدرت کندل 15m = 0.81"
ATOM-USDT,SHORT,ریسک بالا,1.97510000,1.98154400,1.96221200,2025-12-20 15:04:10,OPEN,,,,,10.00,,"Dir=SHORT | TF_EMA=30m:EMA21=1.977149,30m:EMA55=1.956145,1h:EMA21=1.963717,1h:EMA55=1.947949,4h:EMA21=1.961836,4h:EMA55=2.043264 | TF_RSI=5m:RSI=38.06,15m:RSI=42.88,30m:RSI=51.31,1h:RSI=57.12,4h:RSI=49.96 | TF_MACD=5m:MACD=-0.003585,5m:HIST=-0.000154,15m:MACD=-0.000147,15m:HIST=-0.002508,30m:MACD=0.006333,30m:HIST=-0.002808,1h:MACD=0.017486,1h:HIST=-0.001469,4h:MACD=-0.021317,4h:HIST=0.017654 | BS15=1.0 | RulesPassed=روند 1h;کندل قوی 15m;RSI;حجم + کندل 15m | Reasons=ساختار LH/LL در 3 کندل 1h|قدرت کندل 15m = 1.00 [حد > 0.4]|RSI: 3/5 همسو + 0 خیلی قوی [آستانه 70/30]|حجم اسپایک [≥1.1x] + قدرت کندل 15m = 1.00"
AVAX-USDT,LONG,ریسک بالا,12.28600000,12.25204840,12.35390320,2025-12-20 15:04:10,OPEN,,,,,10.00,,"Dir=LONG | TF_EMA=30m:EMA21=12.279,30m:EMA55=12.176164,1h:EMA21=12.214253,1h:EMA55=12.094456,4h:EMA21=12.150526,4h:EMA55=12.556858 | TF_RSI=5m:RSI=47.16,15m:RSI=48.46,30m:RSI=53.15,1h:RSI=58.14,4h:RSI=52.03 | TF_MACD=5m:MACD=-0.012371,5m:HIST=0.003117,15m:MACD=0.003086,15m:HIST=-0.008697,30m:MACD=0.026142,30m:HIST=-0.007139,1h:MACD=0.086327,1h:HIST=-0.013516,4h:MACD=-0.067654,4h:HIST=0.103874 | BS15=0.778 | RulesPassed=روند 4h;کندل قوی 15m;RSI;عدم واگرایی | Reasons=ساختار HH/HL در 3 کندل 4h|قدرت کندل 15m = 0.78 [حد > 0.4]|RSI: 3/5 همسو + 0 خیلی قوی [آستانه 70/30]|بدون واگرایی در 1h و 4h"
XRP-USDT,LONG,ریسک بالا,1.94131000,1.93108240,1.96176520,2025-12-20 15:04:10,OPEN,,,,,10.00,,"Dir=LONG | TF_EMA=30m:EMA21=1.924198,30m:EMA55=1.902862,1h:EMA21=1.909872,1h:EMA55=1.891609,4h:EMA21=1.89688,4h:EMA55=1.939558 | TF_RSI=5m:RSI=51.45,15m:RSI=58.69,30m:RSI=68.94,1h:RSI=67.42,4h:RSI=57.76 | TF_MACD=5m:MACD=-0.00014,5m:HIST=-0.001333,15m:MACD=0.008251,15m:HIST=-0.000735,30m:MACD=0.012273,30m:HIST=0.001592,1h:MACD=0.017752,1h:HIST=0.0026,4h:MACD=-0.005762,4h:HIST=0.012893 | BS15=0.544 | RulesPassed=روند 4h;EMA21 30m;کندل قوی 15m;RSI;MACD | Reasons=ساختار HH/HL در 3 کندل 4h|قیمت همسو با EMA21 در 30m + شیب مناسب|قدرت کندل 15m = 0.54 [حد > 0.4]|RSI: 5/5 همسو + 0 خیلی قوی [آستانه 70/30]|MACD: 2/5 همسو + 1 شدت قوی + گیت هیستوگرام"
POL-USDT,LONG,ریسک بالا,0.11060000,0.11016200,0.11147600,2025-12-20 15:04:10,OPEN,,,,,10.00,,"Dir=LONG | TF_EMA=30m:EMA21=0.110263,30m:EMA55=0.109012,1h:EMA21=0.109374,1h:EMA55=0.108566,4h:EMA21=0.109348,4h:EMA55=0.113422 | TF_RSI=5m:RSI=43.29,15m:RSI=50.41,30m:RSI=56.33,1h:RSI=60.39,4h:RSI=51.61 | TF_MACD=5m:MACD=-0.00017,5m:HIST=1.1e-05,15m:MACD=0.000222,15m:HIST=-0.000168,30m:MACD=0.000625,30m:HIST=-5.9e-05,1h:MACD=0.001027,1h:HIST=9.3e-05,4h:MACD=-0.001076,4h:HIST=0.000906 | BS15=1.0 | RulesPassed=روند 4h;EMA21 30m;کندل قوی 15m;RSI | Reasons=ساختار HH/HL در 3 کندل 4h|قیمت همسو با EMA21 در 30m + شیب مناسب|قدرت کندل 15m = 1.00 [حد > 0.4]|RSI: 4/5 همسو + 0 خیلی قوی [آستانه 70/30]"
TRX-USDT,SHORT,ریسک بالا,0.27930000,0.27965280,0.27859440,2025-12-20 15:04:10,OPEN,,,,,10.00,,"Dir=SHORT | TF_EMA=30m:EMA21=0.279328,30m:EMA55=0.279363,1h:EMA21=0.279345,1h:EMA55=0.279272,4h:EMA21=0.279187,4h:EMA55=0.279175 | TF_RSI=5m:RSI=54.82,15m:RSI=51.34,30m:RSI=48.74,1h:RSI=49.57,4h:RSI=50.87 | TF_MACD=5m:MACD=0.000102,5m:HIST=2e-05,15m:MACD=-6.2e-05,15m:HIST=7.1e-05,30m:MACD=-0.000116,30m:HIST=-2e-06,1h:MACD=-1.9e-05,1h:HIST=-8.1e-05,4h:MACD=0.000158,4h:HIST=-2.9e-05 | BS15=1.0 | RulesPassed=روند 4h;کندل قوی 15m;RSI;MACD | Reasons=ساختار LH/LL در 3 کندل 4h|قدرت کندل 15m = 1.00 [حد > 0.4]|RSI: 2/5 همسو + 0 خیلی قوی [آستانه 70/30]|MACD: 2/5 همسو + 1 شدت قوی + گیت هیستوگرام"
XRP-USDT,LONG,ریسک بالا,1.94332000,1.93409560,1.96176880,2025-12-20 15:53:05,OPEN,,,,,10.00,,"Dir=LONG | TF_EMA=30m:EMA21=1.926137,30m:EMA55=1.90439,1h:EMA21=1.913114,1h:EMA55=1.893539,4h:EMA21=1.901303,4h:EMA55=1.939776 | TF_RSI=5m:RSI=51.84,15m:RSI=58.93,30m:RSI=69.63,1h:RSI=67.83,4h:RSI=58.04 | TF_MACD=5m:MACD=0.001193,5m:HIST=0.000217,15m:MACD=0.007575,15m:HIST=-0.000855,30m:MACD=0.012374,30m:HIST=0.001324,1h:MACD=0.018264,1h:HIST=0.002458,4h:MACD=-0.001413,4h:HIST=0.013764 | BS15=0.715 | RulesPassed=EMA21 30m;کندل قوی 15m;RSI;MACD | Reasons=قیمت همسو با EMA21 در 30m + شیب مناسب|قدرت کندل 15m = 0.72 [حد > 0.4]|RSI: 5/5 همسو + 0 خیلی قوی [آستانه 70/30]|MACD: 3/5 همسو + 1 شدت قوی + گیت هیستوگرام"
FIL-USDT,LONG,ریسک بالا,1.31130000,1.30660680,1.32068640,2025-12-20 15:53:05,OPEN,,,,,10.00,,"Dir=LONG | TF_EMA=30m:EMA21=1.306243,30m:EMA55=1.289367,1h:EMA21=1.296816,1h:EMA55=1.274204,4h:EMA21=1.278041,4h:EMA55=1.313412 | TF_RSI=5m:RSI=46.51,15m:RSI=53.83,30m:RSI=56.88,1h:RSI=60.7,4h:RSI=56.43 | TF_MACD=5m:MACD=0.000868,5m:HIST=-0.000205,15m:MACD=0.002648,15m:HIST=-0.000115,30m:MACD=0.005503,30m:HIST=-6.5e-05,1h:MACD=0.013921,1h:HIST=-0.001417,4h:MACD=0.006035,4h:HIST=0.012758 | BS15=0.6 | RulesPassed=روند 4h;EMA21 30m;کندل قوی 15m;RSI;حجم + کندل 15m | Reasons=ساختار HH/HL در 3 کندل 4h|قیمت همسو با EMA21 در 30m + شیب مناسب|قدرت کندل 15m = 0.60 [حد > 0.4]|RSI: 4/5 همسو + 0 خیلی قوی [آستانه 70/30]|حجم اسپایک [≥1.1x] + قدرت کندل 15m = 0.60"
DOGE-USDT,LONG,ریسک بالا,0.13192000,0.13160920,0.13254160,2025-12-20 16:32:36,OPEN,,,,,10.00,,"Dir=LONG | TF_EMA=30m:EMA21=0.131709,30m:EMA55=0.13066,1h:EMA21=0.131108,1h:EMA55=0.129618,4h:EMA21=0.129914,4h:EMA55=0.132678 | TF_RSI=5m:RSI=51.82,15m:RSI=53.07,30m:RSI=55.43,1h:RSI=59.46,4h:RSI=54.57 | TF_MACD=5m:MACD=-1.9e-05,5m:HIST=-0.0,15m:MACD=6.7e-05,15m:HIST=-3.4e-05,30m:MACD=0.000242,30m:HIST=-4.2e-05,1h:MACD=0.000869,1h:HIST=-0.000161,4h:MACD=5.6e-05,4h:HIST=0.000963 | BS15=0.778 | RulesPassed=کندل قوی 15m;ورود + حجم;RSI;حجم + کندل 15m | Reasons=قدرت کندل 15m = 0.78 [حد > 0.4]|ری‌تست سطح + حجم ≥1.1x + BS5=0.78|RSI: 5/5 همسو + 0 خیلی قوی [آستانه 70/30]|حجم اسپایک [≥1.1x] + قدرت کندل 15m = 0.78"
XRP-USDT,LONG,ریسک بالا,1.94299000,1.93472680,1.95951640,2025-12-20 16:32:35,OPEN,,,,,10.00,,"Dir=LONG | TF_EMA=30m:EMA21=1.928827,30m:EMA55=1.906999,1h:EMA21=1.915635,1h:EMA55=1.895225,4h:EMA21=1.901273,4h:EMA55=1.939764 | TF_RSI=5m:RSI=51.8,15m:RSI=58.27,30m:RSI=68.09,1h:RSI=67.05,4h:RSI=57.97 | TF_MACD=5m:MACD=0.000163,5m:HIST=-0.000262,15m:MACD=0.006137,15m:HIST=-0.001329,30m:MACD=0.011642,30m:HIST=0.000344,1h:MACD=0.018133,1h:HIST=0.001892,4h:MACD=-0.001439,4h:HIST=0.013742 | BS15=0.676 | RulesPassed=EMA21 30m;کندل قوی 15m;RSI;MACD | Reasons=قیمت همسو با EMA21 در 30m + شیب مناسب|قدرت کندل 15m = 0.68 [حد > 0.4]|RSI: 5/5 همسو + 0 خیلی قوی [آستانه 70/30]|MACD: 2/5 همسو + 1 شدت قوی + گیت هیستوگرام"
XAUT-USDT,SHORT,ریسک بالا,4346.41000000,4347.72658360,4343.77683280,2025-12-20 17:12:19,OPEN,,,,,10.00,,"Dir=SHORT | TF_EMA=30m:EMA21=4346.055499,30m:EMA55=4343.178823,1h:EMA21=4344.230187,1h:EMA55=4338.594057,4h:EMA21=4334.662805,4h:EMA55=4308.69349 | TF_RSI=5m:RSI=45.81,15m:RSI=49.3,30m:RSI=52.64,1h:RSI=55.12,4h:RSI=59.88 | TF_MACD=5m:MACD=-0.106007,5m:HIST=-0.121766,15m:MACD=0.270002,15m:HIST=-0.160336,30m:MACD=0.768436,30m:HIST=-0.17202,1h:MACD=2.500431,1h:HIST=-0.278661,4h:MACD=9.116739,4h:HIST=-0.043268 | BS15=1.0 | RulesPassed=کندل قوی 15m;RSI;MACD;عدم واگرایی;حجم + کندل 15m | Reasons=قدرت کندل 15m = 1.00 [حد > 0.4]|RSI: 2/5 همسو + 0 خیلی قوی [آستانه 70/30]|MACD: 1/5 همسو + 2 شدت قوی + گیت هیستوگرام|بدون واگرایی در 1h و 4h|حجم اسپایک [≥1.1x] + قدرت کندل 15m = 1.00"
BTC-USDT,SHORT,ریسک بالا,88147.20000000,88282.75403160,87876.09193680,2025-12-20 17:12:19,OPEN,,,,,10.00,,"Dir=SHORT | TF_EMA=30m:EMA21=88195.268249,30m:EMA55=87976.846951,1h:EMA21=88069.318333,1h:EMA55=87667.449943,4h:EMA21=87685.143432,4h:EMA55=88324.764476 | TF_RSI=5m:RSI=47.39,15m:RSI=45.66,30m:RSI=48.98,1h:RSI=54.1,4h:RSI=52.91 | TF_MACD=5m:MACD=-37.147213,5m:HIST=-8.253038,15m:MACD=-29.013181,15m:HIST=-14.509824,30m:MACD=20.022493,30m:HIST=-33.215036,1h:MACD=194.686099,1h:HIST=-45.577009,4h:MACD=90.629314,4h:HIST=229.906964 | BS15=0.742 | RulesPassed=روند 4h;کندل قوی 15m;RSI;عدم واگرایی | Reasons=ساختار LH/LL در 3 کندل 4h|قدرت کندل 15m = 0.74 [حد > 0.4]|RSI: 3/5 همسو + 0 خیلی قوی [آستانه 70/30]|بدون واگرایی در 1h و 4h"
DOT-USDT,SHORT,ریسک بالا,1.83870000,1.84697880,1.82214240,2025-12-20 17:12:20,OPEN,,,,,10.00,,"Dir=SHORT | TF_EMA=30m:EMA21=1.847692,30m:EMA55=1.838276,1h:EMA21=1.841912,1h:EMA55=1.833495,4h:EMA21=1.845151,4h:EMA55=1.920061 | TF_RSI=5m:RSI=36.65,15m:RSI=40.22,30m:RSI=45.08,1h:RSI=50.1,4h:RSI=47.01 | TF_MACD=5m:MACD=-0.004628,5m:HIST=-0.000818,15m:MACD=-0.001933,15m:HIST=-0.002781,30m:MACD=0.001481,30m:HIST=-0.002183,1h:MACD=0.008033,1h:HIST=-0.001686,4h:MACD=-0.016819,4h:HIST=0.012425 | BS15=0.532 | RulesPassed=روند 1h;EMA21 30m;کندل قوی 15m;RSI | Reasons=ساختار LH/LL در 3 کندل 1h|قیمت همسو با EMA21 در 30m + شیب مناسب|قدرت کندل 15m = 0.53 [حد > 0.4]|RSI: 4/5 همسو + 0 خیلی قوی [آستانه 70/30]"
APT-USDT,SHORT,ریسک بالا,1.61220000,1.62522000,1.58616000,2025-12-20 17:12:20,OPEN,,,,,10.00,,"Dir=SHORT | TF_EMA=30m:EMA21=1.639413,30m:EMA55=1.613929,1h:EMA21=1.625138,1h:EMA55=1.583519,4h:EMA21=1.57917,4h:EMA55=1.620905 | TF_RSI=5m:RSI=29.95,15m:RSI=32.0,30m:RSI=39.28,1h:RSI=49.4,4h:RSI=54.78 | TF_MACD=5m:MACD=-0.008625,5m:HIST=0.00072,15m:MACD=-0.010699,15m:HIST=-0.005614,30m:MACD=-0.000636,30m:HIST=-0.008491,1h:MACD=0.021612,1h:HIST=-0.008172,4h:MACD=0.012143,4h:HIST=0.019054 | BS15=0.232 | RulesPassed=روند 1h;EMA21 30m;RSI;عدم واگرایی | Reasons=ساختار LH/LL در 3 کندل 1h|قیمت همسو با EMA21 در 30m + شیب مناسب|RSI: 4/5 همسو + 1 خیلی قوی [آستانه 70/30]|بدون واگرایی در 1h و 4h"
NEAR-USDT,SHORT,ریسک بالا,1.51180000,1.51836400,1.49867200,2025-12-20 17:12:20,OPEN,,,,,10.00,,"Dir=SHORT | TF_EMA=30m:EMA21=1.520636,30m:EMA55=1.516328,1h:EMA21=1.518775,1h:EMA55=1.511889,4h:EMA21=1.519795,4h:EMA55=1.572382 | TF_RSI=5m:RSI=42.0,15m:RSI=39.4,30m:RSI=42.75,1h:RSI=48.05,4h:RSI=47.39 | TF_MACD=5m:MACD=-0.002598,5m:HIST=0.000101,15m:MACD=-0.003818,15m:HIST=-0.001474,30m:MACD=-0.002115,30m:HIST=-0.001999,1h:MACD=0.004009,1h:HIST=-0.002903,4h:MACD=-0.010682,4h:HIST=0.00831 | BS15=0.596 | RulesPassed=روند 1h;EMA21 30m;کندل قوی 15m;RSI | Reasons=ساختار LH/LL در 3 کندل 1h|قیمت همسو با EMA21 در 30m + شیب مناسب|قدرت کندل 15m = 0.60 [حد > 0.4]|RSI: 5/5 همسو + 0 خیلی قوی [آستانه 70/30]"
LTC-USDT,SHORT,ریسک بالا,76.89000000,77.11389840,76.44220320,2025-12-20 17:12:20,OPEN,,,,,10.00,,"Dir=SHORT | TF_EMA=30m:EMA21=77.131409,30m:EMA55=76.892504,1h:EMA21=76.97925,1h:EMA55=76.745022,4h:EMA21=76.999043,4h:EMA55=78.588236 | TF_RSI=5m:RSI=39.38,15m:RSI=40.84,30m:RSI=44.96,1h:RSI=50.08,4h:RSI=48.03 | TF_MACD=5m:MACD=-0.123189,5m:HIST=-0.00829,15m:MACD=-0.074595,15m:HIST=-0.073328,30m:MACD=0.007589,30m:HIST=-0.060154,1h:MACD=0.209757,1h:HIST=-0.063044,4h:MACD=-0.413237,4h:HIST=0.305338 | BS15=0.833 | RulesPassed=روند 1h;EMA21 30m;کندل قوی 15m;RSI | Reasons=ساختار LH/LL در 3 کندل 1h|قیمت همسو با EMA21 در 30m + شیب مناسب|قدرت کندل 15m = 0.83 [حد > 0.4]|RSI: 4/5 همسو + 0 خیلی قوی [آستانه 70/30]"
ATOM-USDT,SHORT,ریسک بالا,1.97160000,1.97830440,1.95819120,2025-12-20 17:12:20,OPEN,,,,,10.00,,"Dir=SHORT | TF_EMA=30m:EMA21=1.97424,30m:EMA55=1.957744,1h:EMA21=1.964869,1h:EMA55=1.94952,4h:EMA21=1.962831,4h:EMA55=2.04075 | TF_RSI=5m:RSI=52.2,15m:RSI=45.22,30m:RSI=49.63,1h:RSI=55.34,4h:RSI=49.43 | TF_MACD=5m:MACD=-0.00198,5m:HIST=0.000761,15m:MACD=-0.003699,15m:HIST=-0.001542,30m:MACD=0.001894,30m:HIST=-0.003589,1h:MACD=0.014266,1h:HIST=-0.003237,4h:MACD=-0.018068,4h:HIST=0.016706 | BS15=0.978 | RulesPassed=روند 1h;EMA21 30m;کندل قوی 15m;RSI;حجم + کندل 15m | Reasons=ساختار LH/LL در 3 کندل 1h|قیمت همسو با EMA21 در 30m + شیب مناسب|قدرت کندل 15m = 0.98 [حد > 0.4]|RSI: 3/5 همسو + 0 خیلی قوی [آستانه 70/30]|حجم اسپایک [≥1.1x] + قدرت کندل 15m = 0.98"
SUI-USDT,SHORT,ریسک بالا,1.46020000,1.46611360,1.44837280,2025-12-20 17:12:20,OPEN,,,,,10.00,,"Dir=SHORT | TF_EMA=30m:EMA21=1.468035,30m:EMA55=1.457443,1h:EMA21=1.462071,1h:EMA55=1.447578,4h:EMA21=1.454375,4h:EMA55=1.493691 | TF_RSI=5m:RSI=36.29,15m:RSI=39.16,30m:RSI=44.56,1h:RSI=51.21,4h:RSI=49.84 | TF_MACD=5m:MACD=-0.00337,5m:HIST=-0.000658,15m:MACD=-0.002494,15m:HIST=-0.00158,30m:MACD=-9.2e-05,30m:HIST=-0.002168,1h:MACD=0.009177,1h:HIST=-0.003314,4h:MACD=-0.007177,4h:HIST=0.011963 | BS15=0.804 | RulesPassed=EMA21 30m;کندل قوی 15m;RSI;حجم + کندل 15m | Reasons=قیمت همسو با EMA21 در 30m + شیب مناسب|قدرت کندل 15m = 0.80 [حد > 0.4]|RSI: 4/5 همسو + 0 خیلی قوی [آستانه 70/30]|حجم اسپایک [≥1.1x] + قدرت کندل 15m = 0.80"
XLM-USDT,SHORT,ریسک بالا,0.21840000,0.21928680,0.21662640,2025-12-20 17:12:20,OPEN,,,,,10.00,,"Dir=SHORT | TF_EMA=30m:EMA21=0.220132,30m:EMA55=0.218808,1h:EMA21=0.219467,1h:EMA55=0.217329,4h:EMA21=0.21787,4h:EMA55=0.224306 | TF_RSI=5m:RSI=34.42,15m:RSI=34.43,30m:RSI=40.53,1h:RSI=48.12,4h:RSI=49.41 | TF_MACD=5m:MACD=-0.00063,5m:HIST=2.5e-05,15m:MACD=-0.000709,15m:HIST=-0.000409,30m:MACD=-9.3e-05,30m:HIST=-0.000514,1h:MACD=0.001168,1h:HIST=-0.000442,4h:MACD=-0.000783,4h:HIST=0.001521 | BS15=0.875 | RulesPassed=EMA21 30m;کندل قوی 15m;RSI;عدم واگرایی | Reasons=قیمت همسو با EMA21 در 30m + شیب مناسب|قدرت کندل 15m = 0.87 [حد > 0.4]|RSI: 5/5 همسو + 0 خیلی قوی [آستانه 70/30]|بدون واگرایی در 1h و 4h"
ARB-USDT,SHORT,ریسک بالا,0.19020000,0.19103040,0.18853920,2025-12-20 17:41:39,OPEN,,,,,10.00,,"Dir=SHORT | TF_EMA=30m:EMA21=0.191164,30m:EMA55=0.189845,1h:EMA21=0.190389,1h:EMA55=0.188891,4h:EMA21=0.190276,4h:EMA55=0.196702 | TF_RSI=5m:RSI=35.73,15m:RSI=40.05,30m:RSI=45.54,1h:RSI=51.16,4h:RSI=48.43 | TF_MACD=5m:MACD=-0.000354,5m:HIST=-4.8e-05,15m:MACD=-0.000188,15m:HIST=-0.000202,30m:MACD=0.000107,30m:HIST=-0.000211,1h:MACD=0.001073,1h:HIST=-0.000367,4h:MACD=-0.001653,4h:HIST=0.001616 | BS15=0.583 | RulesPassed=روند 1h;EMA21 30m;کندل قوی 15m;RSI | Reasons=ساختار LH/LL در 3 کندل 1h|قیمت همسو با EMA21 در 30m + شیب مناسب|قدرت کندل 15m = 0.58 [حد > 0.4]|RSI: 4/5 همسو + 0 خیلی قوی [آستانه 70/30]"
XAUT-USDT,SHORT,ریسک بالا,4346.20000000,4347.49880920,4343.60238160,2025-12-20 17:41:38,OPEN,,,,,10.00,,"Dir=SHORT | TF_EMA=30m:EMA21=4346.11409,30m:EMA55=4343.305663,1h:EMA21=4344.454715,1h:EMA55=4338.88464,4h:EMA21=4334.643714,4h:EMA55=4308.68599 | TF_RSI=5m:RSI=45.09,15m:RSI=47.99,30m:RSI=51.65,1h:RSI=54.69,4h:RSI=59.73 | TF_MACD=5m:MACD=-0.219619,5m:HIST=-0.08931,15m:MACD=0.190779,15m:HIST=-0.164592,30m:MACD=0.722952,30m:HIST=-0.181023,1h:MACD=2.379613,1h:HIST=-0.326603,4h:MACD=9.099987,4h:HIST=-0.05667 | BS15=1.0 | RulesPassed=کندل قوی 15m;RSI;MACD;عدم واگرایی | Reasons=قدرت کندل 15m = 1.00 [حد > 0.4]|RSI: 2/5 همسو + 0 خیلی قوی [آستانه 70/30]|MACD: 1/5 همسو + 2 شدت قوی + گیت هیستوگرام|بدون واگرایی در 1h و 4h"
AVAX-USDT,SHORT,ریسک بالا,12.17700000,12.21504360,12.10091280,2025-12-20 17:41:39,OPEN,,,,,10.00,,"Dir=SHORT | TF_EMA=30m:EMA21=12.264473,30m:EMA55=12.187514,1h:EMA21=12.220418,1h:EMA55=12.109715,4h:EMA21=12.155329,4h:EMA55=12.544291 | TF_RSI=5m:RSI=24.82,15m:RSI=31.83,30m:RSI=40.09,1h:RSI=49.08,4h:RSI=49.07 | TF_MACD=5m:MACD=-0.022067,5m:HIST=-0.005836,15m:MACD=-0.018306,15m:HIST=-0.011713,30m:MACD=0.001983,30m:HIST=-0.017344,1h:MACD=0.06129,1h:HIST=-0.024762,4h:MACD=-0.057277,4h:HIST=0.09103 | BS15=0.878 | RulesPassed=روند 1h;EMA21 30m;کندل قوی 15m;RSI;عدم واگرایی | Reasons=ساختار LH/LL در 3 کندل 1h|قیمت همسو با EMA21 در 30m + شیب مناسب|قدرت کندل 15m = 0.88 [حد > 0.4]|RSI: 5/5 همسو + 1 خیلی قوی [آستانه 70/30]|بدون واگرایی در 1h و 4h"
XLM-USDT,SHORT,ریسک بالا,0.21790000,0.21878080,0.21613840,2025-12-20 17:41:39,OPEN,,,,,10.00,,"Dir=SHORT | TF_EMA=30m:EMA21=0.219938,30m:EMA55=0.218779,1h:EMA21=0.219333,1h:EMA55=0.217353,4h:EMA21=0.217825,4h:EMA55=0.224288 | TF_RSI=5m:RSI=31.45,15m:RSI=32.01,30m:RSI=38.5,1h:RSI=46.32,4h:RSI=48.66 | TF_MACD=5m:MACD=-0.000524,5m:HIST=3.7e-05,15m:MACD=-0.000792,15m:HIST=-0.000324,30m:MACD=-0.000244,30m:HIST=-0.000533,1h:MACD=0.000908,1h:HIST=-0.000563,4h:MACD=-0.000823,4h:HIST=0.001489 | BS15=0.667 | RulesPassed=EMA21 30m;کندل قوی 15m;RSI;عدم واگرایی | Reasons=قیمت همسو با EMA21 در 30m + شیب مناسب|قدرت کندل 15m = 0.67 [حد > 0.4]|RSI: 5/5 همسو + 0 خیلی قوی [آستانه 70/30]|بدون واگرایی در 1h و 4h"
SUI-USDT,SHORT,ریسک بالا,1.45510000,1.46146240,1.44237520,2025-12-20 17:41:39,OPEN,,,,,10.00,,"Dir=SHORT | TF_EMA=30m:EMA21=1.467181,30m:EMA55=1.457494,1h:EMA21=1.461759,1h:EMA55=1.447981,4h:EMA21=1.453911,4h:EMA55=1.493509 | TF_RSI=5m:RSI=32.29,15m:RSI=36.36,30m:RSI=41.94,1h:RSI=48.76,4h:RSI=48.88 | TF_MACD=5m:MACD=-0.003038,5m:HIST=-0.000343,15m:MACD=-0.003087,15m:HIST=-0.001511,30m:MACD=-0.000816,30m:HIST=-0.002363,1h:MACD=0.007748,1h:HIST=-0.003844,4h:MACD=-0.007584,4h:HIST=0.011637 | BS15=0.869 | RulesPassed=روند 1h;EMA21 30m;کندل قوی 15m;RSI | Reasons=ساختار LH/LL در 3 کندل 1h|قیمت همسو با EMA21 در 30m + شیب مناسب|قدرت کندل 15m = 0.87 [حد > 0.4]|RSI: 5/5 همسو + 0 خیلی قوی [آستانه 70/30]"
DOT-USDT,SHORT,ریسک بالا,1.83240000,1.84105920,1.81508160,2025-12-20 17:41:39,OPEN,,,,,10.00,,"Dir=SHORT | TF_EMA=30m:EMA21=1.846583,30m:EMA55=1.838184,1h:EMA21=1.841328,1h:EMA55=1.833573,4h:EMA21=1.844579,4h:EMA55=1.919836 | TF_RSI=5m:RSI=33.59,15m:RSI=37.02,30m:RSI=42.2,1h:RSI=47.77,4h:RSI=46.09 | TF_MACD=5m:MACD=-0.004737,5m:HIST=-0.000554,15m:MACD=-0.003168,15m:HIST=-0.002729,30m:MACD=0.000322,30m:HIST=-0.002717,1h:MACD=0.006483,1h:HIST=-0.002632,4h:MACD=-0.017322,4h:HIST=0.012023 | BS15=0.735 | RulesPassed=روند 1h;EMA21 30m;کندل قوی 15m;RSI | Reasons=ساختار LH/LL در 3 کندل 1h|قیمت همسو با EMA21 در 30m + شیب مناسب|قدرت کندل 15m = 0.73 [حد > 0.4]|RSI: 5/5 همسو + 0 خیلی قوی [آستانه 70/30]"
BTC-USDT,SHORT,ریسک بالا,88108.10000000,88255.99600520,87812.30798960,2025-12-20 17:41:38,OPEN,,,,,10.00,,"Dir=SHORT | TF_EMA=30m:EMA21=88197.492623,30m:EMA55=87985.763641,1h:EMA21=88082.992699,1h:EMA55=87687.416527,4h:EMA21=87681.588886,4h:EMA55=88323.368047 | TF_RSI=5m:RSI=44.6,15m:RSI=44.3,30m:RSI=47.61,1h:RSI=52.83,4h:RSI=52.64 | TF_MACD=5m:MACD=-20.443399,5m:HIST=-0.772212,15m:MACD=-23.622778,15m:HIST=-7.308023,30m:MACD=18.966149,30m:HIST=-28.984466,1h:MACD=181.574005,1h:HIST=-48.518644,4h:MACD=87.510226,4h:HIST=227.411694 | BS15=0.619 | RulesPassed=روند 4h;کندل قوی 15m;RSI;حجم + کندل 15m | Reasons=ساختار LH/LL در 3 کندل 4h|قدرت کندل 15m = 0.62 [حد > 0.4]|RSI: 3/5 همسو + 0 خیلی قوی [آستانه 70/30]|حجم اسپایک [≥1.1x] + قدرت کندل 15m = 0.62"
APT-USDT,SHORT,ریسک بالا,1.60420000,1.61648800,1.57962400,2025-12-20 17:41:39,OPEN,,,,,10.00,,"Dir=SHORT | TF_EMA=30m:EMA21=1.636063,30m:EMA55=1.613519,1h:EMA21=1.623095,1h:EMA55=1.584199,4h:EMA21=1.578442,4h:EMA55=1.620619 | TF_RSI=5m:RSI=24.32,15m:RSI=28.82,30m:RSI=36.45,1h:RSI=47.63,4h:RSI=53.58 | TF_MACD=5m:MACD=-0.008006,5m:HIST=0.000366,15m:MACD=-0.012289,15m:HIST=-0.004753,30m:MACD=-0.003306,30m:HIST=-0.008906,1h:MACD=0.017209,1h:HIST=-0.010037,4h:MACD=0.011505,4h:HIST=0.018543 | BS15=0.667 | RulesPassed=روند 1h;EMA21 30m;کندل قوی 15m;RSI;عدم واگرایی | Reasons=ساختار LH/LL در 3 کندل 1h|قیمت همسو با EMA21 در 30m + شیب مناسب|قدرت کندل 15m = 0.67 [حد > 0.4]|RSI: 4/5 همسو + 2 خیلی قوی [آستانه 70/30]|بدون واگرایی در 1h و 4h"
DOT-USDT,SHORT,ریسک بالا,1.83720000,1.84534920,1.82090160,2025-12-20 18:09:11,OPEN,,,,,10.00,,"Dir=SHORT | TF_EMA=30m:EMA21=1.845962,30m:EMA55=1.838245,1h:EMA21=1.841764,1h:EMA55=1.833744,4h:EMA21=1.845015,4h:EMA55=1.920007 | TF_RSI=5m:RSI=43.34,15m:RSI=41.64,30m:RSI=44.87,1h:RSI=49.46,4h:RSI=46.79 | TF_MACD=5m:MACD=-0.003792,5m:HIST=0.000379,15m:MACD=-0.003822,15m:HIST=-0.002207,30m:MACD=-0.000247,30m:HIST=-0.002664,1h:MACD=0.006866,1h:HIST=-0.002326,4h:MACD=-0.016939,4h:HIST=0.01233 | BS15=0.784 | RulesPassed=روند 1h;EMA21 30m;کندل قوی 15m;RSI | Reasons=ساختار LH/LL در 3 کندل 1h|قیمت همسو با EMA21 در 30m + شیب مناسب|قدرت کندل 15m = 0.78 [حد > 0.4]|RSI: 5/5 همسو + 0 خیلی قوی [آستانه 70/30]"
APT-USDT,SHORT,ریسک بالا,1.60570000,1.61697400,1.58315200,2025-12-20 18:09:11,OPEN,,,,,10.00,,"Dir=SHORT | TF_EMA=30m:EMA21=1.63332,30m:EMA55=1.613247,1h:EMA21=1.623222,1h:EMA55=1.584249,4h:EMA21=1.578579,4h:EMA55=1.620673 | TF_RSI=5m:RSI=32.43,15m:RSI=30.14,30m:RSI=37.24,1h:RSI=47.94,4h:RSI=53.8 | TF_MACD=5m:MACD=-0.006647,5m:HIST=0.000821,15m:MACD=-0.012946,15m:HIST=-0.003513,30m:MACD=-0.005116,30m:HIST=-0.008576,1h:MACD=0.017321,1h:HIST=-0.009947,4h:MACD=0.011624,4h:HIST=0.018639 | BS15=0.433 | RulesPassed=روند 1h;EMA21 30m;کندل قوی 15m;RSI;عدم واگرایی | Reasons=ساختار LH/LL در 3 کندل 1h|قیمت همسو با EMA21 در 30m + شیب مناسب|قدرت کندل 15m = 0.43 [حد > 0.4]|RSI: 4/5 همسو + 0 خیلی قوی [آستانه 70/30]|بدون واگرایی در 1h و 4h"
AVAX-USDT,SHORT,ریسک بالا,12.20000000,12.23525840,12.12948320,2025-12-20 18:09:11,OPEN,,,,,10.00,,"Dir=SHORT | TF_EMA=30m:EMA21=12.259934,30m:EMA55=12.188511,1h:EMA21=12.222509,1h:EMA55=12.110536,4h:EMA21=12.15742,4h:EMA55=12.545112 | TF_RSI=5m:RSI=36.37,15m:RSI=37.31,30m:RSI=42.64,1h:RSI=50.68,4h:RSI=49.66 | TF_MACD=5m:MACD=-0.022054,5m:HIST=-0.001285,15m:MACD=-0.023423,15m:HIST=-0.011091,30m:MACD=-0.002041,30m:HIST=-0.017298,1h:MACD=0.063124,1h:HIST=-0.023294,4h:MACD=-0.055443,4h:HIST=0.092498 | BS15=0.818 | RulesPassed=روند 1h;EMA21 30m;کندل قوی 15m;RSI;عدم واگرایی | Reasons=ساختار LH/LL در 3 کندل 1h|قیمت همسو با EMA21 در 30m + شیب مناسب|قدرت کندل 15m = 0.82 [حد > 0.4]|RSI: 4/5 همسو + 0 خیلی قوی [آستانه 70/30]|بدون واگرایی در 1h و 4h"
FIL-USDT,LONG,ریسک بالا,1.31510000,1.30998440,1.32533120,2025-12-20 18:09:11,OPEN,,,,,10.00,,"Dir=LONG | TF_EMA=30m:EMA21=1.30843,30m:EMA55=1.293098,1h:EMA21=1.29981,1h:EMA55=1.276995,4h:EMA21=1.278386,4h:EMA55=1.313548 | TF_RSI=5m:RSI=62.28,15m:RSI=57.8,30m:RSI=58.59,1h:RSI=61.94,4h:RSI=57.26 | TF_MACD=5m:MACD=0.000861,5m:HIST=0.000478,15m:MACD=0.001519,15m:HIST=6e-06,30m:MACD=0.004506,30m:HIST=-0.000391,1h:MACD=0.013145,1h:HIST=-0.001443,4h:MACD=0.006338,4h:HIST=0.013 | BS15=0.769 | RulesPassed=EMA21 30m;کندل قوی 15m;RSI;عدم واگرایی | Reasons=قیمت همسو با EMA21 در 30m + شیب مناسب|قدرت کندل 15m = 0.77 [حد > 0.4]|RSI: 5/5 همسو + 0 خیلی قوی [آستانه 70/30]|بدون واگرایی در 1h و 4h"
APT-USDT,SHORT,ریسک بالا,1.60530000,1.61595720,1.58398560,2025-12-20 18:42:30,OPEN,,,,,10.00,,"Dir=SHORT | TF_EMA=30m:EMA21=1.630996,30m:EMA55=1.613056,1h:EMA21=1.621816,1h:EMA55=1.585094,4h:EMA21=1.578542,4h:EMA55=1.620658 | TF_RSI=5m:RSI=35.76,15m:RSI=31.65,30m:RSI=37.62,1h:RSI=47.79,4h:RSI=53.74 | TF_MACD=5m:MACD=-0.004071,5m:HIST=0.001059,15m:MACD=-0.01252,15m:HIST=-0.002014,30m:MACD=-0.006354,30m:HIST=-0.007885,1h:MACD=0.014008,1h:HIST=-0.010642,4h:MACD=0.011592,4h:HIST=0.018613 | BS15=0.49 | RulesPassed=EMA21 30m;کندل قوی 15m;RSI;عدم واگرایی | Reasons=قیمت همسو با EMA21 در 30m + شیب مناسب|قدرت کندل 15m = 0.49 [حد > 0.4]|RSI: 4/5 همسو + 0 خیلی قوی [آستانه 70/30]|بدون واگرایی در 1h و 4h"
FIL-USDT,LONG,ریسک بالا,1.31600000,1.31015600,1.32768800,2025-12-20 18:42:30,OPEN,,,,,10.00,,"Dir=LONG | TF_EMA=30m:EMA21=1.309663,30m:EMA55=1.294143,1h:EMA21=1.301828,1h:EMA55=1.278616,4h:EMA21=1.278468,4h:EMA55=1.31358 | TF_RSI=5m:RSI=53.42,15m:RSI=55.86,30m:RSI=57.33,1h:RSI=60.74,4h:RSI=57.46 | TF_MACD=5m:MACD=0.001931,5m:HIST=0.000104,15m:MACD=0.002455,15m:HIST=0.000564,30m:MACD=0.00497,30m:HIST=-2.6e-05,1h:MACD=0.013208,1h:HIST=-0.001188,4h:MACD=0.00641,4h:HIST=0.013057 | BS15=0.656 | RulesPassed=EMA21 30m;کندل قوی 15m;RSI;عدم واگرایی | Reasons=قیمت همسو با EMA21 در 30m + شیب مناسب|قدرت کندل 15m = 0.66 [حد > 0.4]|RSI: 5/5 همسو + 0 خیلی قوی [آستانه 70/30]|بدون واگرایی در 1h و 4h"
XAUT-USDT,LONG,ریسک بالا,4347.54000000,4346.11721880,4350.38556240,2025-12-20 18:42:30,OPEN,,,,,10.00,,"Dir=LONG | TF_EMA=30m:EMA21=4346.397099,30m:EMA55=4343.619196,1h:EMA21=4344.815361,1h:EMA55=4339.227165,4h:EMA21=4334.765532,4h:EMA55=4308.733847 | TF_RSI=5m:RSI=53.18,15m:RSI=55.3,30m:RSI=56.11,1h:RSI=56.84,4h:RSI=60.63 | TF_MACD=5m:MACD=0.269085,5m:HIST=0.205726,15m:MACD=0.23055,15m:HIST=-0.032922,30m:MACD=0.783733,30m:HIST=-0.084748,1h:MACD=2.390099,1h:HIST=-0.265274,4h:MACD=9.206882,4h:HIST=0.028846 | BS15=1.0 | RulesPassed=روند 1h;کندل قوی 15m;RSI;حجم + کندل 15m | Reasons=ساختار HH/HL در 3 کندل 1h|قدرت کندل 15m = 1.00 [حد > 0.4]|RSI: 5/5 همسو + 0 خیلی قوی [آستانه 70/30]|حجم اسپایک [≥1.1x] + قدرت کندل 15m = 1.00"
FIL-USDT,LONG,ریسک بالا,1.31810000,1.31240120,1.32949760,2025-12-20 19:07:27,OPEN,,,,,10.00,,"Dir=LONG | TF_EMA=30m:EMA21=1.310472,30m:EMA55=1.295016,1h:EMA21=1.302019,1h:EMA55=1.278691,4h:EMA21=1.278659,4h:EMA55=1.313655 | TF_RSI=5m:RSI=56.63,15m:RSI=58.3,30m:RSI=58.91,1h:RSI=62.04,4h:RSI=57.84 | TF_MACD=5m:MACD=0.001575,5m:HIST=-0.000133,15m:MACD=0.002643,15m:HIST=0.000482,30m:MACD=0.005063,30m:HIST=4.7e-05,1h:MACD=0.013376,1h:HIST=-0.001054,4h:MACD=0.006578,4h:HIST=0.013191 | BS15=0.583 | RulesPassed=EMA21 30m;کندل قوی 15m;RSI;عدم واگرایی | Reasons=قیمت همسو با EMA21 در 30m + شیب مناسب|قدرت کندل 15m = 0.58 [حد > 0.4]|RSI: 5/5 همسو + 0 خیلی قوی [آستانه 70/30]|بدون واگرایی در 1h و 4h"
APT-USDT,SHORT,ریسک بالا,1.60530000,1.61537400,1.58515200,2025-12-20 19:07:27,OPEN,,,,,10.00,,"Dir=SHORT | TF_EMA=30m:EMA21=1.628552,30m:EMA55=1.612734,1h:EMA21=1.621816,1h:EMA55=1.585094,4h:EMA21=1.578542,4h:EMA55=1.620658 | TF_RSI=5m:RSI=42.56,15m:RSI=32.4,30m:RSI=37.96,1h:RSI=47.79,4h:RSI=53.74 | TF_MACD=5m:MACD=-0.003645,5m:HIST=0.000699,15m:MACD=-0.01209,15m:HIST=-0.001001,30m:MACD=-0.007501,30m:HIST=-0.007209,1h:MACD=0.014008,1h:HIST=-0.010642,4h:MACD=0.011592,4h:HIST=0.018613 | BS15=0.379 | RulesPassed=روند 1h;EMA21 30m;RSI;عدم واگرایی | Reasons=ساختار LH/LL در 3 کندل 1h|قیمت همسو با EMA21 در 30m + شیب مناسب|RSI: 4/5 همسو + 0 خیلی قوی [آستانه 70/30]|بدون واگرایی در 1h و 4h"
DOT-USDT,SHORT,ریسک بالا,1.83240000,1.84030320,1.81659360,2025-12-20 19:07:27,OPEN,,,,,10.00,,"Dir=SHORT | TF_EMA=30m:EMA21=1.843701,30m:EMA55=1.837879,1h:EMA21=1.841161,1h:EMA55=1.833799,4h:EMA21=1.844579,4h:EMA55=1.919836 | TF_RSI=5m:RSI=41.51,15m:RSI=39.44,30m:RSI=42.99,1h:RSI=47.57,4h:RSI=46.09 | TF_MACD=5m:MACD=-0.002958,5m:HIST=-5e-05,15m:MACD=-0.00464,15m:HIST=-0.001487,30m:MACD=-0.001977,30m:HIST=-0.002968,1h:MACD=0.005463,1h:HIST=-0.003021,4h:MACD=-0.017322,4h:HIST=0.012023 | BS15=1.0 | RulesPassed=روند 1h;EMA21 30m;کندل قوی 15m;RSI | Reasons=ساختار LH/LL در 3 کندل 1h|قیمت همسو با EMA21 در 30m + شیب مناسب|قدرت کندل 15m = 1.00 [حد > 0.4]|RSI: 5/5 همسو + 0 خیلی قوی [آستانه 70/30]"
APT-USDT,SHORT,ریسک بالا,1.59760000,1.60819960,1.57640080,2025-12-20 19:44:58,OPEN,,,,,10.00,,"Dir=SHORT | TF_EMA=30m:EMA21=1.625226,30m:EMA55=1.61198,1h:EMA21=1.619102,1h:EMA55=1.585327,4h:EMA21=1.579762,4h:EMA55=1.619621 | TF_RSI=5m:RSI=34.28,15m:RSI=28.09,30m:RSI=34.99,1h:RSI=46.0,4h:RSI=52.61 | TF_MACD=5m:MACD=-0.003569,5m:HIST=-5.5e-05,15m:MACD=-0.012401,15m:HIST=-0.00085,30m:MACD=-0.009228,30m:HIST=-0.00707,1h:MACD=0.010088,1h:HIST=-0.01157,4h:MACD=0.010872,4h:HIST=0.014393 | BS15=0.316 | RulesPassed=روند 4h;روند 1h;EMA21 30m;RSI;عدم واگرایی | Reasons=ساختار LH/LL در 3 کندل 4h|ساختار LH/LL در 3 کندل 1h|قیمت همسو با EMA21 در 30m + شیب مناسب|RSI: 4/5 همسو + 1 خیلی قوی [آستانه 70/30]|بدون واگرایی در 1h و 4h"
DOT-USDT,SHORT,ریسک بالا,1.82910000,1.83645240,1.81439520,2025-12-20 20:13:18,OPEN,,,,,10.00,,"Dir=SHORT | TF_EMA=30m:EMA21=1.84141,30m:EMA55=1.837366,1h:EMA21=1.84005,1h:EMA55=1.833627,4h:EMA21=1.843221,4h:EMA55=1.916616 | TF_RSI=5m:RSI=37.18,15m:RSI=37.49,30m:RSI=41.29,1h:RSI=46.03,4h:RSI=45.59 | TF_MACD=5m:MACD=-0.001876,5m:HIST=-0.000159,15m:MACD=-0.004922,15m:HIST=-0.000835,30m:MACD=-0.003296,30m:HIST=-0.002861,1h:MACD=0.003832,1h:HIST=-0.00373,4h:MACD=-0.016595,4h:HIST=0.010192 | BS15=0.514 | RulesPassed=روند 4h;روند 1h;EMA21 30m;کندل قوی 15m;RSI | Reasons=ساختار LH/LL در 3 کندل 4h|ساختار LH/LL در 3 کندل 1h|قیمت همسو با EMA21 در 30m + شیب مناسب|قدرت کندل 15m = 0.51 [حد > 0.4]|RSI: 5/5 همسو + 0 خیلی قوی [آستانه 70/30]"
APT-USDT,SHORT,ریسک بالا,1.59540000,1.60507080,1.57605840,2025-12-20 20:13:18,OPEN,,,,,10.00,,"Dir=SHORT | TF_EMA=30m:EMA21=1.6222,30m:EMA55=1.611257,1h:EMA21=1.618902,1h:EMA55=1.585249,4h:EMA21=1.579562,4h:EMA55=1.619543 | TF_RSI=5m:RSI=34.43,15m:RSI=28.38,30m:RSI=34.79,1h:RSI=45.49,4h:RSI=52.27 | TF_MACD=5m:MACD=-0.004157,5m:HIST=-0.000203,15m:MACD=-0.012563,15m:HIST=-0.000635,30m:MACD=-0.010499,30m:HIST=-0.006624,1h:MACD=0.009913,1h:HIST=-0.011711,4h:MACD=0.010696,4h:HIST=0.014253 | BS15=0.208 | RulesPassed=روند 4h;روند 1h;EMA21 30m;RSI;عدم واگرایی | Reasons=ساختار LH/LL در 3 کندل 4h|ساختار LH/LL در 3 کندل 1h|قیمت همسو با EMA21 در 30m + شیب مناسب|RSI: 4/5 همسو + 1 خیلی قوی [آستانه 70/30]|بدون واگرایی در 1h و 4h"
APT-USDT,SHORT,ریسک بالا,1.60410000,1.61344920,1.58540160,2025-12-20 20:40:38,OPEN,,,,,10.00,,"Dir=SHORT | TF_EMA=30m:EMA21=1.620976,30m:EMA55=1.611177,1h:EMA21=1.617978,1h:EMA55=1.586098,4h:EMA21=1.580353,4h:EMA55=1.619854 | TF_RSI=5m:RSI=54.04,15m:RSI=38.94,30m:RSI=40.15,1h:RSI=47.8,4h:RSI=53.51 | TF_MACD=5m:MACD=-0.001155,5m:HIST=0.00142,15m:MACD=-0.011008,15m:HIST=0.000723,30m:MACD=-0.010129,30m:HIST=-0.005068,1h:MACD=0.007987,1h:HIST=-0.010974,4h:MACD=0.01139,4h:HIST=0.014808 | BS15=0.529 | RulesPassed=روند 4h;EMA21 30m;کندل قوی 15m;RSI;عدم واگرایی | Reasons=ساختار LH/LL در 3 کندل 4h|قیمت همسو با EMA21 در 30m + شیب مناسب|قدرت کندل 15m = 0.53 [حد > 0.4]|RSI: 3/5 همسو + 0 خیلی قوی [آستانه 70/30]|بدون واگرایی در 1h و 4h"
TRX-USDT,LONG,ریسک بالا,0.28050000,0.28013520,0.28122960,2025-12-20 20:40:38,OPEN,,,,,10.00,,"Dir=LONG | TF_EMA=30m:EMA21=0.279752,30m:EMA55=0.279547,1h:EMA21=0.279652,1h:EMA55=0.279418,4h:EMA21=0.279381,4h:EMA55=0.279254 | TF_RSI=5m:RSI=68.72,15m:RSI=69.0,30m:RSI=67.88,1h:RSI=61.51,4h:RSI=56.04 | TF_MACD=5m:MACD=0.000152,5m:HIST=1.9e-05,15m:MACD=0.000256,15m:HIST=5.8e-05,30m:MACD=0.00022,30m:HIST=0.000122,1h:MACD=0.000208,1h:HIST=0.000102,4h:MACD=0.000279,4h:HIST=6.9e-05 | BS15=0.667 | RulesPassed=روند 1h;کندل قوی 15m;RSI;MACD;حجم + کندل 15m | Reasons=ساختار HH/HL در 3 کندل 1h|قدرت کندل 15m = 0.67 [حد > 0.4]|RSI: 5/5 همسو + 0 خیلی قوی [آستانه 70/30]|MACD: 5/5 همسو + 2 شدت قوی + گیت هیستوگرام|حجم اسپایک [≥1.1x] + قدرت کندل 15m = 0.67"
AVAX-USDT,LONG,ریسک بالا,12.27000000,12.23354640,12.34290720,2025-12-20 20:40:38,OPEN,,,,,10.00,,"Dir=LONG | TF_EMA=30m:EMA21=12.26954,30m:EMA55=12.204826,1h:EMA21=12.241173,1h:EMA55=12.130123,4h:EMA21=12.173522,4h:EMA55=12.537732 | TF_RSI=5m:RSI=48.43,15m:RSI=50.3,30m:RSI=50.79,1h:RSI=55.19,4h:RSI=51.52 | TF_MACD=5m:MACD=0.008321,5m:HIST=-0.002135,15m:MACD=0.000624,15m:HIST=0.005496,30m:MACD=0.005506,30m:HIST=-0.002852,1h:MACD=0.056071,1h:HIST=-0.017841,4h:MACD=-0.037099,4h:HIST=0.087767 | BS15=0.65 | RulesPassed=روند 1h;کندل قوی 15m;RSI;عدم واگرایی | Reasons=ساختار HH/HL در 3 کندل 1h|قدرت کندل 15m = 0.65 [حد > 0.4]|RSI: 4/5 همسو + 0 خیلی قوی [آستانه 70/30]|بدون واگرایی در 1h و 4h"
DOT-USDT,SHORT,ریسک بالا,1.83270000,1.83964680,1.81880640,2025-12-20 21:07:21,OPEN,,,,,10.00,,"Dir=SHORT | TF_EMA=30m:EMA21=1.840155,30m:EMA55=1.837148,1h:EMA21=1.839531,1h:EMA55=1.833656,4h:EMA21=1.843548,4h:EMA55=1.916745 | TF_RSI=5m:RSI=46.45,15m:RSI=42.72,30m:RSI=44.07,1h:RSI=47.84,4h:RSI=46.13 | TF_MACD=5m:MACD=-0.000171,5m:HIST=0.000408,15m:MACD=-0.004026,15m:HIST=0.000211,30m:MACD=-0.003462,30m:HIST=-0.001978,1h:MACD=0.002926,1h:HIST=-0.003731,4h:MACD=-0.016308,4h:HIST=0.010422 | BS15=0.525 | RulesPassed=روند 4h;EMA21 30m;کندل قوی 15m;RSI | Reasons=ساختار LH/LL در 3 کندل 4h|قیمت همسو با EMA21 در 30m + شیب مناسب|قدرت کندل 15m = 0.52 [حد > 0.4]|RSI: 5/5 همسو + 0 خیلی قوی [آستانه 70/30]"
DOGE-USDT,LONG,ریسک بالا,0.13178000,0.13139960,0.13254080,2025-12-20 21:07:21,OPEN,,,,,10.00,,"Dir=LONG | TF_EMA=30m:EMA21=0.131817,30m:EMA55=0.131005,1h:EMA21=0.1314,1h:EMA55=0.129947,4h:EMA21=0.130099,4h:EMA55=0.132653 | TF_RSI=5m:RSI=43.55,15m:RSI=48.1,30m:RSI=50.71,1h:RSI=56.68,4h:RSI=54.07 | TF_MACD=5m:MACD=-2.3e-05,5m:HIST=-2e-05,15m:MACD=1.9e-05,15m:HIST=-2.1e-05,30m:MACD=0.000136,30m:HIST=-5e-05,1h:MACD=0.000714,1h:HIST=-0.000171,4h:MACD=0.000189,4h:HIST=0.000874 | BS15=0.909 | RulesPassed=کندل قوی 15m;RSI;عدم واگرایی;حجم + کندل 15m | Reasons=قدرت کندل 15m = 0.91 [حد > 0.4]|RSI: 3/5 همسو + 0 خیلی قوی [آستانه 70/30]|بدون واگرایی در 1h و 4h|حجم اسپایک [≥1.1x] + قدرت کندل 15m = 0.91"
BTC-USDT,LONG,ریسک بالا,88205.60000000,88094.71255640,88427.37488720,2025-12-20 21:07:21,OPEN,,,,,10.00,,"Dir=LONG | TF_EMA=30m:EMA21=88192.688746,30m:EMA55=88030.82132,1h:EMA21=88116.932948,1h:EMA55=87742.874232,4h:EMA21=87734.887417,4h:EMA55=88321.521826 | TF_RSI=5m:RSI=53.96,15m:RSI=51.2,30m:RSI=51.02,1h:RSI=55.09,4h:RSI=53.31 | TF_MACD=5m:MACD=13.257369,5m:HIST=6.022189,15m:MACD=-7.052352,15m:HIST=7.572048,30m:MACD=9.264993,30m:HIST=-8.011669,1h:MACD=147.448349,1h:HIST=-48.936447,4h:MACD=116.794343,4h:HIST=204.482347 | BS15=0.783 | RulesPassed=کندل قوی 15m;RSI;عدم واگرایی;حجم + کندل 15m | Reasons=قدرت کندل 15m = 0.78 [حد > 0.4]|RSI: 5/5 همسو + 0 خیلی قوی [آستانه 70/30]|بدون واگرایی در 1h و 4h|حجم اسپایک [≥1.1x] + قدرت کندل 15m = 0.78"
APT-USDT,SHORT,ریسک بالا,1.60140000,1.61047680,1.58324640,2025-12-20 21:07:22,OPEN,,,,,10.00,,"Dir=SHORT | TF_EMA=30m:EMA21=1.619279,30m:EMA55=1.610863,1h:EMA21=1.617733,1h:EMA55=1.586001,4h:EMA21=1.580108,4h:EMA55=1.619757 | TF_RSI=5m:RSI=46.81,15m:RSI=37.5,30m:RSI=39.21,1h:RSI=47.02,4h:RSI=53.15 | TF_MACD=5m:MACD=8.9e-05,5m:HIST=0.000789,15m:MACD=-0.009492,15m:HIST=0.001495,30m:MACD=-0.010196,30m:HIST=-0.004121,1h:MACD=0.007772,1h:HIST=-0.011147,4h:MACD=0.011175,4h:HIST=0.014636 | BS15=0.792 | RulesPassed=روند 4h;EMA21 30m;کندل قوی 15m;RSI;عدم واگرایی | Reasons=ساختار LH/LL در 3 کندل 4h|قیمت همسو با EMA21 در 30m + شیب مناسب|قدرت کندل 15m = 0.79 [حد > 0.4]|RSI: 4/5 همسو + 0 خیلی قوی [آستانه 70/30]|بدون واگرایی در 1h و 4h"
APT-USDT,SHORT,ریسک بالا,1.60250000,1.61037200,1.58675600,2025-12-20 21:46:55,OPEN,,,,,10.00,,"Dir=SHORT | TF_EMA=30m:EMA21=1.617928,30m:EMA55=1.610636,1h:EMA21=1.616521,1h:EMA55=1.586663,4h:EMA21=1.580208,4h:EMA55=1.619796 | TF_RSI=5m:RSI=49.36,15m:RSI=39.23,30m:RSI=39.62,1h:RSI=47.35,4h:RSI=53.3 | TF_MACD=5m:MACD=-0.000306,5m:HIST=-1e-05,15m:MACD=-0.007787,15m:HIST=0.001835,30m:MACD=-0.009978,30m:HIST=-0.003149,1h:MACD=0.005904,1h:HIST=-0.010438,4h:MACD=0.011263,4h:HIST=0.014706 | BS15=1.0 | RulesPassed=روند 4h;EMA21 30m;کندل قوی 15m;RSI;عدم واگرایی | Reasons=ساختار LH/LL در 3 کندل 4h|قیمت همسو با EMA21 در 30m + شیب مناسب|قدرت کندل 15m = 1.00 [حد > 0.4]|RSI: 4/5 همسو + 0 خیلی قوی [آستانه 70/30]|بدون واگرایی در 1h و 4h"
XLM-USDT,SHORT,ریسک بالا,0.21890000,0.21962000,0.21746000,2025-12-20 21:46:55,OPEN,,,,,10.00,,"Dir=SHORT | TF_EMA=30m:EMA21=0.219486,30m:EMA55=0.218859,1h:EMA21=0.219382,1h:EMA55=0.217649,4h:EMA21=0.218013,4h:EMA55=0.224134 | TF_RSI=5m:RSI=44.51,15m:RSI=46.04,30m:RSI=46.34,1h:RSI=49.55,4h:RSI=50.18 | TF_MACD=5m:MACD=-7.1e-05,5m:HIST=-6.2e-05,15m:MACD=-0.000208,15m:HIST=5.8e-05,30m:MACD=-0.000294,30m:HIST=-0.000102,1h:MACD=0.000561,1h:HIST=-0.000461,4h:MACD=-0.0006,4h:HIST=0.001356 | BS15=1.0 | RulesPassed=EMA21 30m;کندل قوی 15m;RSI;عدم واگرایی | Reasons=قیمت همسو با EMA21 در 30m + شیب مناسب|قدرت کندل 15m = 1.00 [حد > 0.4]|RSI: 4/5 همسو + 0 خیلی قوی [آستانه 70/30]|بدون واگرایی در 1h و 4h"
